shot_id,shot_made_flag
1,0.3405394
8,0.3110703
17,0.7187484
20,0.7187484
33,0.36111555
34,0.4233585
35,0.41625926
36,0.430569
37,0.8247713
38,0.41249683
45,0.39452246
50,0.40111187
55,0.17814016
60,0.21828814
66,0.2911879
67,0.29174325
71,0.397592
80,0.27407894
85,0.2983156
86,0.5451471
95,0.6213181
104,0.349341
113,0.44197884
123,0.28791547
126,0.89314014
133,0.60111165
141,0.22620359
144,0.42204237
150,0.68314815
152,0.38075274
153,0.68314815
156,0.30484265
159,0.9129147
165,0.71908134
172,0.42584303
182,0.9495638
192,0.38348544
193,0.6669479
196,0.42443305
202,0.36025426
210,0.29870975
211,0.4514235
228,0.96596533
257,0.38275003
260,0.38275003
264,0.36736986
267,0.7056241
279,0.90293056
282,0.4046642
293,0.4006577
299,0.88604367
300,0.7053454
301,0.75070465
317,0.39297405
327,0.43034565
328,0.34623715
335,0.30910152
346,0.75139594
348,0.24149866
365,0.41273013
390,0.7207803
391,0.7207803
392,0.7449368
397,0.3369457
418,0.39690733
428,0.40141407
434,0.6165652
439,0.44656894
440,0.38366342
456,0.34457934
459,0.2747629
472,0.43667597
480,0.26744637
491,0.34041885
497,0.35291132
509,0.3701298
511,0.38368058
523,0.32323018
533,0.4222304
544,0.43607557
546,0.46627915
555,0.6791567
558,0.3237928
560,0.35334605
573,0.33723557
591,0.44350502
596,0.30999038
597,0.4224659
601,0.6027606
605,0.3987412
617,0.35656616
628,0.36513427
634,0.29074812
646,0.24969287
649,0.3505138
651,0.65736896
654,0.76252806
656,0.43590066
657,0.42401606
669,0.43486255
670,0.9198142
693,0.66368544
694,0.34434345
699,0.45446715
711,0.44410816
718,0.36692348
722,0.4047849
723,0.28041244
725,0.6619101
734,0.29700857
735,0.31449273
737,0.7835751
746,0.32459667
747,0.74323267
766,0.25484154
767,0.34104502
771,0.2862792
773,0.20542984
774,0.42607668
783,0.31683338
784,0.42757154
789,0.28390715
792,0.37347278
804,0.37676793
809,0.35591936
812,0.36546025
813,0.42476124
817,0.31043205
820,0.35903192
825,0.4611011
826,0.40960783
829,0.39851838
855,0.38227046
859,0.6738073
862,0.41226238
870,0.34281284
876,0.27007067
880,0.3298617
886,0.98381734
889,0.9092425
891,0.3159397
897,0.98381734
902,0.32290307
903,0.38627797
908,0.37633973
909,0.41252783
920,0.38837913
922,0.3708013
924,0.6339537
932,0.44167027
934,0.29584554
937,0.42282364
941,0.34808624
943,0.3946175
950,0.44069907
952,0.35361695
954,0.96168214
963,0.41681132
975,0.35018077
979,0.36362258
981,0.40142372
983,0.4358241
985,0.70931476
989,0.5302023
995,0.4310931
998,0.41186106
1008,0.2984392
1019,0.6702321
1023,0.38395518
1026,0.35258606
1029,0.68735117
1034,0.8997805
1036,0.63869554
1038,0.33092967
1039,0.64019793
1051,0.3030258
1052,0.3549029
1066,0.35193574
1087,0.27153698
1092,0.37849435
1094,0.8326904
1098,0.40992305
1099,0.3392265
1102,0.38873053
1118,0.3982296
1131,0.294056
1133,0.6634983
1135,0.906311
1138,0.39679444
1139,0.7674417
1142,0.37964606
1151,0.3374514
1152,0.40171525
1155,0.5710056
1165,0.36161286
1167,0.8965473
1172,0.47115684
1174,0.71828884
1180,0.43590066
1200,0.4325664
1202,0.43131968
1227,0.7168249
1228,0.7433061
1229,0.4251777
1237,0.34645173
1241,0.3716742
1256,0.27152684
1279,0.4099281
1293,0.32640123
1295,0.34354782
1319,0.68728
1320,0.37558383
1321,0.80937916
1322,0.6778029
1334,0.42366794
1351,0.7373724
1373,0.33231115
1375,0.3503836
1380,0.51277405
1382,0.7037695
1385,0.34733024
1399,0.36424553
1403,0.92062664
1428,0.2661173
1434,0.39654073
1444,0.95590603
1448,0.3949003
1466,0.89719534
1476,0.38994485
1478,0.3353142
1485,0.40702608
1491,0.6950346
1494,0.6592208
1500,0.34531018
1501,0.6995197
1503,0.39817628
1519,0.6510946
1524,0.3273662
1529,0.72857636
1533,0.7232831
1538,0.9563783
1539,0.35181323
1546,0.36964226
1555,0.38450944
1559,0.3317418
1563,0.660316
1565,0.7443867
1574,0.37374818
1591,0.35777846
1594,0.20105234
1605,0.27282125
1611,0.36273098
1614,0.40972993
1620,0.3609814
1626,0.24268562
1630,0.38611105
1632,0.31957155
1634,0.2873776
1643,0.3171401
1651,0.4210952
1655,0.32800466
1658,0.3043736
1659,0.33403224
1665,0.59252095
1675,0.33311874
1680,0.77973235
1690,0.38032186
1696,0.24438807
1714,0.28912106
1721,0.4274484
1726,0.34512222
1728,0.35147125
1734,0.35252443
1735,0.44116825
1740,0.34361812
1744,0.8860886
1747,0.2760854
1752,0.273514
1763,0.7057522
1765,0.7057522
1769,0.3507426
1785,0.6740256
1787,0.33205375
1788,0.2910169
1793,0.31283197
1800,0.38970453
1825,0.42021912
1826,0.6915393
1834,0.48890674
1843,0.41208073
1844,0.41208073
1848,0.2939585
1849,0.3117417
1860,0.3117417
1863,0.3117417
1875,0.6450973
1883,0.39981127
1890,0.36882025
1892,0.33800253
1893,0.38179
1897,0.33615425
1905,0.41862136
1908,0.57334554
1931,0.27258432
1940,0.80675083
1943,0.34737676
1947,0.20138201
1965,0.7440665
1967,0.4397689
1968,0.40649855
1972,0.6944399
1982,0.33907026
1985,0.3269768
2005,0.85238326
2010,0.8490047
2021,0.31577778
2024,0.79708904
2036,0.39829835
2043,0.591987
2047,0.5639459
2049,0.45213974
2055,0.38984364
2065,0.4047498
2066,0.32924914
2070,0.3107085
2077,0.8758922
2085,0.5685358
2095,0.5412864
2097,0.6608593
2108,0.36964226
2112,0.6558714
2113,0.5786917
2122,0.35004508
2139,0.4013121
2144,0.61601377
2146,0.24537481
2148,0.38557273
2149,0.7372754
2157,0.35884306
2159,0.28705874
2168,0.3429882
2176,0.37120557
2178,0.60398763
2181,0.22794065
2187,0.7598422
2188,0.28692445
2190,0.26573616
2194,0.2910169
2197,0.23901635
2214,0.30856785
2217,0.27931884
2222,0.31196985
2223,0.24404527
2226,0.34081092
2230,0.6822237
2240,0.27161923
2247,0.37263498
2250,0.62318975
2259,0.5936222
2262,0.3569141
2266,0.37898067
2305,0.3444191
2310,0.382226
2313,0.28529078
2319,0.8781716
2320,0.6357741
2345,0.28841367
2350,0.667538
2356,0.3931861
2360,0.59403515
2370,0.406273
2386,0.36686936
2398,0.30929354
2414,0.7115594
2435,0.6736873
2439,0.27161923
2446,0.6736873
2458,0.273896
2465,0.273896
2466,0.36029708
2470,0.28791308
2495,0.7115594
2501,0.35352063
2507,0.3291906
2533,0.025391327
2537,0.34661737
2538,0.27474123
2541,0.24196506
2542,0.6704526
2544,0.9248952
2554,0.20797276
2555,0.21139652
2565,0.52680784
2575,0.74184394
2586,0.35582697
2588,0.3367674
2594,0.6181378
2617,0.4536044
2618,0.33677542
2623,0.9397426
2631,0.4207865
2640,0.2514379
2642,0.70169485
2647,0.36852548
2663,0.44074944
2664,0.3623947
2676,0.34548023
2680,0.9527635
2681,0.3680003
2691,0.32833442
2693,0.3876045
2695,0.36964226
2704,0.32833442
2708,0.20647812
2709,0.9841397
2717,0.76107305
2722,0.3657549
2728,0.3104953
2732,0.6988706
2743,0.38288543
2752,0.35075894
2757,0.7090205
2761,0.30264625
2769,0.2486068
2771,0.30264625
2774,0.43699133
2776,0.33427176
2781,0.32156008
2793,0.34559894
2799,0.40646297
2803,0.31898013
2811,0.32409388
2818,0.33997545
2824,0.6024144
2828,0.73641145
2829,0.31888738
2830,0.3759303
2842,0.73641145
2847,0.7178758
2848,0.3886581
2868,0.32439876
2870,0.28248194
2885,0.36887425
2886,0.48972163
2889,0.569804
2903,0.40693033
2904,0.71359354
2918,0.893868
2919,0.3347241
2922,0.3544256
2923,0.31251535
2931,0.24947293
2945,0.42911643
2955,0.3215112
2957,0.6181378
2960,0.66983116
2963,0.27099815
2966,0.77248913
2972,0.6850053
2974,0.28503042
2982,0.2504587
2984,0.6843411
3016,0.37120557
3021,0.33720905
3023,0.76185507
3025,0.38416785
3029,0.19817181
3034,0.73641145
3038,0.31369582
3040,0.38482854
3051,0.77381605
3062,0.3308876
3069,0.35895658
3071,0.33008325
3076,0.96270996
3079,0.2690822
3081,0.265353
3082,0.38610983
3084,0.8969222
3098,0.31792748
3104,0.42188254
3105,0.4176557
3114,0.7514958
3118,0.3554472
3122,0.21200421
3132,0.23263986
3138,0.37822872
3141,0.38828072
3156,0.64199877
3162,0.7283293
3167,0.3415134
3170,0.42591038
3171,0.35254648
3172,0.40464565
3176,0.99090415
3180,0.37130675
3189,0.23003234
3198,0.34872717
3206,0.32234
3215,0.34129333
3222,0.81219923
3228,0.29431966
3229,0.33160162
3232,0.3335733
3233,0.23400502
3238,0.32090867
3256,0.48442823
3264,0.5425452
3273,0.3538586
3275,0.72468543
3285,0.25319022
3289,0.24404478
3294,0.33328134
3306,0.44378102
3311,0.76593477
3318,0.3172162
3322,0.6300795
3324,0.32651502
3334,0.6885381
3341,0.3567757
3345,0.23378807
3346,0.94978267
3352,0.2910044
3368,0.3324674
3371,0.37488532
3372,0.40053767
3375,0.39580727
3384,0.3411053
3387,0.32591233
3393,0.32023555
3406,0.35543483
3411,0.62002313
3412,0.6914187
3414,0.5763564
3417,0.6826347
3420,0.72210854
3423,0.72210854
3436,0.3039211
3438,0.7091346
3442,0.23749042
3443,0.3694045
3451,0.2096227
3461,0.36530384
3489,0.27847967
3491,0.5507156
3510,0.67654794
3515,0.5761
3527,0.32811376
3530,0.28634396
3540,0.40855336
3582,0.33873308
3604,0.28577384
3605,0.3036296
3609,0.2543336
3624,0.37959185
3628,0.782207
3630,0.28850836
3641,0.26962337
3642,0.22339207
3648,0.2947887
3650,0.98554265
3652,0.955176
3660,0.38881445
3664,0.32207143
3670,0.28868455
3672,0.31223243
3680,0.35062805
3682,0.9643499
3685,0.59972304
3686,0.3239529
3689,0.33787844
3705,0.37340522
3712,0.29810995
3713,0.3373687
3719,0.33022738
3721,0.3413933
3723,0.75924397
3724,0.27073917
3727,0.3193341
3733,0.54814285
3734,0.4412407
3742,0.34348527
3770,0.39275342
3777,0.50670767
3778,0.3923975
3780,0.3582169
3783,0.6519427
3784,0.37390605
3788,0.34974837
3790,0.34974837
3794,0.4206383
3795,0.43010616
3796,0.45118886
3801,0.5336224
3806,0.36997584
3813,0.38577664
3814,0.4029576
3818,0.25904277
3824,0.42694718
3836,0.35219875
3853,0.34885737
3855,0.31101125
3858,0.34117973
3861,0.7856548
3866,0.3288756
3870,0.35537037
3874,0.9933936
3876,0.2959806
3878,0.2869217
3890,0.35387754
3900,0.9381118
3904,0.32588425
3906,0.377637
3907,0.40860364
3908,0.33993343
3912,0.28067338
3918,0.97175264
3923,0.9702978
3924,0.37401524
3925,0.28714404
3927,0.62579966
3955,0.955176
3964,0.36704546
3969,0.36704546
3974,0.71302575
3976,0.34443069
3984,0.27336007
3991,0.3819515
3993,0.9925276
4009,0.3192838
4011,0.37643343
4020,0.33109504
4033,0.3010302
4041,0.38305497
4045,0.7825031
4052,0.42591166
4055,0.39084116
4056,0.3993443
4057,0.3745263
4067,0.9869463
4069,0.39545023
4077,0.3257351
4094,0.39486387
4095,0.39501426
4100,0.44242612
4119,0.29843143
4130,0.6670095
4131,0.40229747
4132,0.5633078
4134,0.59387255
4137,0.8735691
4138,0.33486018
4143,0.30694714
4145,0.38886502
4148,0.33628443
4163,0.44594434
4166,0.46377605
4169,0.7780093
4170,0.42663044
4174,0.44797033
4180,0.4811722
4199,0.99227715
4201,0.34974837
4203,0.37220833
4210,0.022669712
4211,0.3738648
4213,0.9537226
4225,0.4118579
4235,0.29310876
4242,0.3065187
4245,0.2777143
4250,0.37558964
4252,0.3265359
4254,0.28067338
4263,0.28067338
4264,0.28067338
4268,0.33963597
4270,0.40473962
4282,0.80036956
4283,0.34843883
4291,0.48157594
4304,0.3368976
4306,0.3015143
4309,0.32342857
4310,0.27086163
4313,0.19513838
4314,0.3134424
4315,0.311947
4321,0.3516624
4324,0.36976197
4325,0.35845026
4328,0.3398209
4329,0.34697095
4332,0.3464547
4337,0.35121235
4342,0.37961364
4344,0.3619703
4352,0.4237901
4355,0.33960053
4366,0.3126853
4371,0.44335842
4372,0.3337586
4376,0.3186778
4384,0.29799524
4387,0.3186778
4389,0.36761555
4390,0.36157352
4406,0.29387188
4407,0.8889424
4409,0.99244666
4410,0.7803159
4424,0.3590335
4434,0.3444277
4452,0.27740523
4460,0.47083223
4470,0.65456045
4480,0.34379584
4496,0.95469975
4503,0.28324872
4512,0.33425334
4518,0.52828
4519,0.29921207
4522,0.25342438
4525,0.19659463
4537,0.6635679
4546,0.24320482
4547,0.97551596
4553,0.41317266
4556,0.35463816
4558,0.84186995
4563,0.37009928
4568,0.31161168
4574,0.782207
4578,0.22206569
4587,0.37779614
4592,0.41727576
4610,0.37243626
4615,0.3415504
4619,0.32224336
4620,0.6232918
4625,0.80160916
4635,0.35391995
4636,0.38307902
4641,0.41558957
4650,0.37947392
4653,0.7290466
4665,0.3354722
4668,0.9085072
4669,0.25286546
4670,0.3307682
4674,0.35052264
4675,0.42351758
4676,0.37801194
4679,0.29777268
4680,0.86546147
4686,0.378805
4699,0.45394447
4713,0.5798065
4718,0.36520964
4721,0.3026351
4722,0.31019643
4724,0.2684555
4730,0.9601954
4731,0.31227195
4735,0.3153477
4743,0.38323998
4745,0.25810406
4746,0.60729605
4747,0.34932834
4748,0.34025925
4769,0.41863266
4771,0.3868187
4774,0.395206
4784,0.33137476
4797,0.3887699
4801,0.6539964
4804,0.40768334
4820,0.2767779
4833,0.35425577
4834,0.32213092
4851,0.3006666
4859,0.29544562
4860,0.97551596
4863,0.38499033
4873,0.415883
4881,0.35824528
4892,0.3700341
4908,0.34117973
4911,0.30625683
4915,0.30775526
4922,0.330507
4929,0.3068801
4936,0.29610166
4939,0.40842044
4951,0.35365382
4956,0.36164486
4961,0.41717038
4964,0.38353485
4981,0.4110602
4991,0.97470474
4992,0.25183383
4997,0.36056572
5004,0.30934328
5010,0.33223814
5012,0.4385048
5015,0.38779667
5020,0.41530937
5030,0.43182054
5051,0.9941274
5052,0.3309394
5057,0.7838402
5058,0.43961912
5060,0.36479402
5061,0.29480344
5064,0.43961912
5078,0.49781188
5080,0.333661
5088,0.3334294
5089,0.6807931
5090,0.32304007
5103,0.9253401
5108,0.30813897
5114,0.28790307
5115,0.34774002
5124,0.7367029
5137,0.311359
5139,0.25556776
5144,0.32088196
5149,0.9005298
5157,0.33328763
5163,0.22855598
5174,0.31994823
5176,0.38771808
5179,0.27201545
5186,0.46472362
5203,0.8791566
5204,0.7609173
5206,0.23143749
5207,0.6852296
5220,0.30804694
5221,0.8147757
5224,0.3433642
5227,0.23888725
5229,0.17940138
5232,0.76506174
5240,0.7162132
5242,0.59376776
5243,0.23462439
5245,0.74825585
5248,0.30121282
5249,0.17828582
5254,0.24115469
5269,0.29186317
5272,0.3149223
5276,0.3878681
5286,0.78645957
5290,0.26308435
5308,0.4042659
5316,0.3263193
5318,0.30652747
5319,0.3002715
5320,0.3305792
5322,0.30928376
5324,0.25891548
5331,0.7755652
5336,0.9973078
5344,0.32142916
5354,0.31574348
5356,0.01218074
5358,0.26826262
5361,0.38012198
5365,0.7277864
5370,0.5349439
5376,0.3728015
5383,0.36136094
5384,0.4073103
5385,0.37699312
5393,0.8130027
5397,0.20889033
5398,0.41092488
5402,0.3196044
5407,0.7494402
5409,0.36950457
5425,0.28833038
5428,0.7239526
5430,0.41456154
5442,0.3491783
5447,0.30483508
5470,0.36647442
5485,0.38447395
5493,0.2403232
5502,0.66571397
5504,0.3084057
5517,0.1760051
5522,0.33501285
5527,0.7936128
5528,0.26807
5536,0.59518945
5545,0.27035162
5576,0.26617843
5577,0.24817118
5592,0.24553382
5594,0.29663146
5595,0.3953639
5596,0.33059946
5599,0.32376003
5606,0.32142916
5617,0.2886344
5625,0.8217072
5626,0.23378807
5627,0.6686872
5642,0.71226555
5659,0.98393977
5664,0.688583
5666,0.86463326
5671,0.2594498
5674,0.365148
5677,0.6801234
5681,0.20141606
5683,0.0064297384
5700,0.44250128
5713,0.41350496
5715,0.41350496
5718,0.3527942
5726,0.5836276
5738,0.36542526
5741,0.82286197
5743,0.8208262
5753,0.3279277
5761,0.25979352
5789,0.7693468
5797,0.33141103
5803,0.24309817
5810,0.39955565
5813,0.34330595
5817,0.2955338
5818,0.31234625
5822,0.25576916
5829,0.33250028
5846,0.36584246
5847,0.25418568
5854,0.2577289
5858,0.3893107
5863,0.30290473
5869,0.23871256
5870,0.26678535
5876,0.16950186
5881,0.2259704
5901,0.29491442
5922,0.59533405
5928,0.78711915
5933,0.34079146
5934,0.78711915
5946,0.36404678
5951,0.2564555
5955,0.40252307
5956,0.94331723
5965,0.36023802
5972,0.30206946
5981,0.22633718
5997,0.30652747
6005,0.25577256
6009,0.2289931
6010,0.3299497
6015,0.3370802
6039,0.21757609
6047,0.7381176
6051,0.0058551934
6056,0.33357847
6061,0.3829864
6064,0.3062987
6065,0.39392728
6070,0.31920293
6085,0.7874088
6086,0.21751685
6091,0.7881227
6097,0.24172918
6099,0.32158428
6104,0.7881227
6108,0.32158428
6109,0.32158428
6124,0.46380377
6142,0.7699575
6144,0.40702802
6150,0.36097586
6154,0.3309394
6155,0.26632273
6156,0.9941274
6158,0.36338603
6159,0.9941274
6169,0.7209089
6170,0.009525216
6179,0.39330813
6184,0.5270085
6186,0.7730258
6204,0.13052697
6230,0.38904208
6231,0.35155517
6232,0.9239579
6235,0.33362138
6237,0.6863605
6239,0.37844884
6263,0.30238727
6265,0.35816228
6270,0.35733926
6271,0.28974077
6278,0.30337134
6279,0.5920139
6288,0.35965392
6294,0.3718831
6295,0.26018092
6302,0.79902023
6306,0.25779903
6322,0.7974937
6324,0.3527004
6327,0.22724143
6331,0.36854985
6334,0.28742278
6338,0.6844656
6339,0.6410833
6362,0.3312294
6372,0.31337726
6375,0.79717356
6393,0.2620292
6394,0.44387674
6405,0.9820327
6406,0.58759564
6416,0.66501033
6421,0.30914336
6422,0.19969995
6440,0.96918094
6457,0.78805155
6460,0.38663173
6463,0.3411923
6474,0.8025267
6476,0.42114928
6477,0.36620378
6482,0.7614722
6488,0.28616014
6489,0.2541884
6494,0.32864466
6499,0.7729623
6507,0.2275765
6524,0.34385955
6527,0.3432464
6531,0.32852864
6536,0.3321747
6538,0.18917745
6542,0.7297485
6565,0.32901013
6584,0.3748311
6588,0.39106628
6597,0.39131314
6603,0.7778141
6609,0.7778141
6613,0.7778141
6622,0.29136714
6630,0.35643736
6637,0.24478158
6639,0.7873941
6640,0.1969742
6646,0.38773862
6647,0.42592543
6648,0.98554
6669,0.2417313
6680,0.3252186
6681,0.35799575
6684,0.033223063
6693,0.38866326
6694,0.41357422
6704,0.26123694
6706,0.26356074
6710,0.4442652
6713,0.42098856
6718,0.19477338
6732,0.34150812
6737,0.39770928
6739,0.35256928
6742,0.3637796
6746,0.63019353
6753,0.30901325
6771,0.23018707
6784,0.20283946
6790,0.9948295
6795,0.3310564
6807,0.31655815
6808,0.34003282
6818,0.3191694
6823,0.44889545
6830,0.40560895
6831,0.40560895
6832,0.37577522
6836,0.4065385
6846,0.36241248
6850,0.3912124
6854,0.34452483
6868,0.7778141
6876,0.6043821
6877,0.76741856
6881,0.3447314
6882,0.32419282
6884,0.34235582
6886,0.32357374
6901,0.32919994
6910,0.38594127
6913,0.29904428
6914,0.72501504
6918,0.7620913
6930,0.8203328
6941,0.27259624
6944,0.66613644
6945,0.3094109
6947,0.30771354
6949,0.8124149
6952,0.2868536
6963,0.58782727
6964,0.6131966
6972,0.775343
6979,0.35124138
6981,0.39991677
6988,0.8124149
6990,0.30386028
6998,0.31713033
7004,0.45624518
7016,0.5335241
7027,0.35886434
7042,0.29182887
7056,0.26954794
7061,0.30713573
7069,0.5992129
7071,0.35576952
7088,0.7988131
7099,0.31796604
7108,0.3533785
7121,0.8783724
7125,0.7853213
7136,0.5981814
7149,0.64307064
7150,0.6013138
7151,0.37063354
7167,0.38018698
7177,0.75874305
7178,0.36420748
7183,0.53951985
7186,0.32403412
7190,0.22069402
7201,0.4093167
7202,0.29108992
7207,0.37192956
7213,0.2547056
7224,0.8259806
7225,0.2593998
7233,0.33729827
7239,0.27857104
7246,0.23989233
7248,0.2486442
7261,0.32264605
7264,0.3711974
7266,0.29638484
7274,0.35407904
7279,0.2496452
7293,0.3819658
7315,0.26753467
7322,0.42630404
7326,0.90289736
7341,0.38288006
7363,0.3083085
7365,0.6878122
7371,0.27693635
7377,0.3859434
7393,0.79452425
7405,0.2339812
7410,0.2894754
7434,0.67033905
7438,0.38513815
7447,0.787414
7450,0.84925663
7452,0.39835685
7453,0.19657287
7455,0.2679094
7456,0.3046598
7457,0.9340597
7466,0.3577982
7470,0.81384856
7474,0.33107707
7487,0.5672638
7488,0.2658247
7492,0.8013892
7496,0.36011666
7501,0.42421225
7505,0.412678
7512,0.2658536
7526,0.52392155
7536,0.5777728
7538,0.67247576
7539,0.42985427
7544,0.7817319
7554,0.5295443
7564,0.29227364
7566,0.67288333
7580,0.6912949
7581,0.8246208
7584,0.43907493
7587,0.40536645
7589,0.44079688
7590,0.40272766
7594,0.64021075
7597,0.36390263
7602,0.9416218
7603,0.3929431
7605,0.69463605
7609,0.37770325
7613,0.4002061
7619,0.19114317
7625,0.2975272
7626,0.40271646
7636,0.40271646
7639,0.8149827
7641,0.36439437
7643,0.85004467
7644,0.34300718
7657,0.40767998
7661,0.8446911
7666,0.3037818
7673,0.3464626
7683,0.40832272
7685,0.3764391
7699,0.3365541
7704,0.777139
7705,0.61519
7708,0.57580596
7728,0.31930584
7733,0.453295
7741,0.4297986
7743,0.42144006
7745,0.29514933
7754,0.7560394
7756,0.27686504
7757,0.34204456
7770,0.6595226
7773,0.995701
7774,0.43772712
7776,0.6897724
7777,0.39034545
7778,0.35556328
7781,0.33830014
7784,0.40576893
7789,0.89523387
7794,0.6624128
7799,0.34429553
7801,0.7558567
7818,0.30369067
7823,0.37461612
7828,0.40577564
7832,0.38760737
7839,0.43453357
7851,0.869041
7856,0.38564292
7868,0.32272032
7869,0.4011645
7872,0.35159487
7874,0.34942383
7878,0.3779528
7888,0.36028612
7913,0.36545485
7923,0.4257709
7925,0.40764847
7926,0.60163087
7938,0.40126228
7942,0.81662357
7945,0.4103902
7954,0.6003092
7963,0.30770296
7969,0.43841508
7970,0.32272032
7977,0.32272032
7981,0.29585695
7990,0.26216227
8020,0.5487933
8023,0.41496226
8025,0.70207435
8034,0.4092682
8039,0.37115154
8046,0.4180401
8051,0.32631928
8055,0.3881947
8060,0.39686206
8063,0.3658256
8073,0.98672485
8074,0.38706368
8076,0.70731664
8080,0.36498874
8088,0.33936507
8102,0.50974274
8103,0.40832272
8104,0.40832272
8105,0.32635802
8109,0.21767609
8115,0.40832272
8121,0.56017196
8126,0.31383198
8135,0.84079874
8153,0.6581623
8156,0.29701397
8160,0.7988235
8161,0.3959018
8162,0.36235133
8171,0.33948076
8181,0.32779187
8183,0.39936486
8185,0.27418503
8191,0.97587705
8203,0.2943036
8204,0.6492598
8207,0.5451335
8208,0.31805125
8209,0.5737794
8210,0.28441086
8225,0.33462936
8226,0.33809784
8231,0.56758565
8233,0.36675975
8244,0.6926646
8250,0.32463095
8261,0.33654356
8265,0.2888098
8278,0.4231469
8279,0.3406024
8280,0.22447795
8296,0.84565735
8299,0.31566247
8300,0.37653434
8301,0.29588497
8305,0.42236567
8327,0.3385549
8334,0.3825264
8349,0.22897112
8355,0.26506642
8361,0.37708864
8362,0.41927853
8364,0.39184433
8365,0.38029653
8375,0.39388964
8378,0.6724693
8380,0.27059028
8381,0.3536395
8387,0.34910488
8399,0.7984973
8402,0.98186535
8409,0.414248
8433,0.6805741
8436,0.42692438
8442,0.33365747
8448,0.4167471
8464,0.30247402
8469,0.55135584
8474,0.5906784
8478,0.2982214
8482,0.30875304
8490,0.32286802
8510,0.32200745
8511,0.3906144
8527,0.419701
8532,0.27057666
8533,0.3921154
8538,0.31136987
8541,0.3236696
8545,0.29675826
8553,0.33975384
8554,0.46425322
8555,0.3967083
8569,0.40902218
8586,0.80275667
8593,0.4397574
8600,0.9953484
8606,0.86119944
8607,0.35481566
8611,0.29919276
8613,0.806396
8618,0.8870714
8630,0.28296772
8637,0.3706034
8650,0.4024924
8652,0.37746558
8661,0.40764847
8669,0.4002342
8673,0.42317212
8674,0.42317212
8678,0.8313339
8682,0.3826204
8688,0.32444566
8689,0.8028676
8695,0.3582287
8698,0.30541754
8703,0.32818252
8709,0.34999496
8716,0.40490073
8723,0.3891043
8737,0.5990567
8753,0.37702483
8773,0.38679668
8774,0.28247848
8778,0.6565592
8786,0.560404
8794,0.38679668
8795,0.6217376
8800,0.28943765
8804,0.37016422
8808,0.34973788
8809,0.26948774
8817,0.33654356
8818,0.38479203
8825,0.4187144
8830,0.33135906
8833,0.38154337
8834,0.39826068
8836,0.46486747
8837,0.35483798
8844,0.38064963
8851,0.37282524
8861,0.9547979
8864,0.42943203
8865,0.40863293
8869,0.26175967
8873,0.8414263
8880,0.8624081
8884,0.2567819
8888,0.34982082
8889,0.30813536
8891,0.82282454
8893,0.35377058
8897,0.4043083
8905,0.4118218
8910,0.7450872
8918,0.35885575
8939,0.41037896
8940,0.3351546
8941,0.38149604
8944,0.34114876
8949,0.3390729
8950,0.39963695
8958,0.8862162
8967,0.7961871
8975,0.73778754
8979,0.27613118
8980,0.39674163
8991,0.30136713
8995,0.30341643
8996,0.40341255
8998,0.79403824
9000,0.31737924
9001,0.76797205
9002,0.43223163
9024,0.38486794
9026,0.38936958
9027,0.24085517
9034,0.34652844
9038,0.36615938
9050,0.4040595
9052,0.88517755
9054,0.37306148
9078,0.90862954
9097,0.24263628
9109,0.33992276
9112,0.641785
9115,0.35888723
9125,0.3888389
9132,0.31710163
9136,0.3003859
9139,0.3763797
9140,0.39659747
9142,0.6158
9143,0.26158154
9147,0.712603
9159,0.3450422
9165,0.7143502
9172,0.40689254
9177,0.42059186
9179,0.323184
9185,0.40114987
9196,0.9536239
9201,0.40256327
9209,0.4112933
9210,0.6507883
9212,0.2228406
9214,0.45493746
9240,0.9864651
9241,0.33275056
9244,0.3775116
9249,0.3665101
9250,0.7227795
9255,0.3583182
9258,0.52819514
9263,0.34246507
9266,0.63561225
9269,0.3345027
9272,0.37776095
9276,0.78720564
9290,0.39221308
9299,0.33310735
9303,0.33803833
9310,0.04120133
9311,0.2770335
9314,0.27776632
9315,0.90227115
9325,0.2749442
9328,0.5656617
9329,0.34121352
9332,0.96352506
9337,0.56694263
9353,0.8873382
9355,0.40568608
9356,0.35885575
9362,0.78021413
9364,0.35885575
9366,0.35885575
9387,0.96873736
9388,0.9933768
9396,0.3062736
9400,0.28205094
9406,0.37972587
9411,0.31940073
9416,0.743496
9417,0.8218556
9423,0.8218556
9425,0.3086291
9426,0.45213145
9427,0.26865688
9429,0.8218556
9430,0.81583333
9434,0.32638416
9442,0.39734343
9458,0.33085328
9476,0.4388046
9481,0.36735275
9483,0.41840973
9484,0.41804758
9487,0.81259984
9488,0.34321946
9490,0.3615339
9502,0.9641769
9505,0.40113357
9509,0.3167756
9515,0.4047088
9516,0.45474902
9532,0.34155783
9539,0.6990135
9542,0.42994383
9549,0.38151547
9550,0.6227812
9553,0.32540995
9554,0.35554332
9561,0.33622906
9566,0.3484153
9571,0.43014497
9577,0.3682884
9584,0.416243
9592,0.36158067
9596,0.81685233
9602,0.49841693
9603,0.2977149
9604,0.69594026
9608,0.69594026
9609,0.4022508
9613,0.45267817
9623,0.33835128
9630,0.9948572
9633,0.43469894
9648,0.38670352
9665,0.37583098
9668,0.44096446
9678,0.37306857
9679,0.30937517
9693,0.8108325
9718,0.83780795
9720,0.83780795
9744,0.3576827
9745,0.38591158
9746,0.79403824
9753,0.36827967
9758,0.33592054
9759,0.3161108
9763,0.41209787
9766,0.4852532
9767,0.34558263
9777,0.868478
9781,0.37385622
9789,0.38071224
9790,0.32445708
9799,0.3328364
9802,0.43013695
9805,0.6467423
9807,0.2168004
9812,0.28482738
9818,0.31837636
9820,0.81685233
9822,0.39007404
9824,0.33830014
9834,0.33830014
9836,0.35109207
9847,0.29238415
9864,0.9478922
9869,0.38002542
9875,0.4099544
9880,0.48569953
9889,0.83311707
9894,0.39346108
9909,0.8390843
9915,0.42701465
9919,0.27679405
9920,0.84287786
9940,0.80387604
9946,0.6472557
9958,0.7984973
9959,0.3742901
9973,0.71923304
9976,0.3670704
9978,0.4051976
9982,0.39190924
9987,0.37313697
9988,0.26992553
9992,0.36865997
10000,0.01603804
10002,0.8185715
10005,0.38530883
10008,0.27375492
10009,0.37097406
10011,0.2342597
10021,0.2934724
10022,0.7825912
10053,0.3672652
10074,0.43076283
10076,0.38699004
10090,0.3167756
10092,0.36953127
10099,0.37347317
10102,0.41035435
10103,0.43392873
10106,0.40082705
10108,0.80222
10113,0.8066822
10119,0.36755803
10122,0.3012342
10125,0.33608744
10140,0.3050445
10155,0.37866136
10159,0.34350246
10164,0.37095812
10175,0.4072883
10176,0.81360936
10178,0.26832435
10186,0.38679668
10200,0.31731775
10204,0.38679668
10206,0.38679668
10211,0.41481376
10212,0.38422388
10217,0.33998328
10220,0.39329898
10230,0.39329898
10234,0.31898507
10235,0.39681563
10239,0.37739426
10240,0.36187097
10242,0.3583182
10245,0.32566917
10246,0.66269565
10247,0.33577842
10250,0.37182754
10254,0.84565735
10257,0.4172589
10260,0.33728847
10261,0.84565735
10265,0.4608059
10273,0.23600332
10274,0.39223972
10277,0.32129872
10289,0.932915
10290,0.21284565
10298,0.40631017
10301,0.39945677
10304,0.3566549
10305,0.43453357
10313,0.36089
10320,0.39747757
10323,0.39864665
10328,0.2880139
10332,0.987475
10336,0.987475
10343,0.3448189
10348,0.38679668
10350,0.28851688
10351,0.3237091
10354,0.34049582
10372,0.26059946
10373,0.63531405
10380,0.4315334
10383,0.2106521
10396,0.6467423
10397,0.3156795
10399,0.777833
10400,0.50225866
10401,0.3023506
10402,0.3383673
10403,0.5798013
10410,0.8379931
10412,0.5857565
10415,0.2568221
10424,0.39915803
10428,0.30392182
10432,0.3539482
10462,0.34961903
10477,0.45494258
10482,0.4354483
10484,0.3693394
10493,0.37222466
10495,0.37188306
10497,0.3889027
10516,0.38132647
10521,0.35911065
10522,0.8906431
10523,0.7908434
10528,0.36311966
10530,0.3146992
10532,0.54803276
10533,0.30229494
10543,0.9286815
10547,0.6555705
10552,0.36317357
10558,0.28734544
10571,0.3382596
10572,0.27726007
10574,0.25197235
10583,0.4819437
10600,0.36623535
10607,0.5994375
10608,0.6262717
10614,0.3446246
10630,0.39245668
10634,0.36069068
10635,0.35060635
10641,0.78313005
10643,0.55112356
10644,0.40929773
10648,0.5846596
10669,0.3613022
10675,0.54906666
10686,0.85585386
10704,0.40870076
10707,0.38192356
10722,0.39303857
10736,0.69835824
10764,0.24981572
10767,0.7961871
10776,0.36102498
10779,0.36371577
10781,0.36522654
10792,0.70282865
10797,0.39454868
10798,0.3425082
10801,0.58990514
10802,0.54923487
10805,0.41606608
10808,0.37436455
10810,0.93460876
10816,0.3897845
10817,0.42947003
10829,0.7044168
10843,0.3206334
10858,0.4503022
10866,0.34593004
10876,0.3925752
10887,0.39677376
10891,0.29000926
10896,0.38259017
10900,0.6537211
10905,0.27930185
10907,0.34870008
10917,0.22657163
10936,0.34793252
10947,0.35075113
10948,0.67247576
10951,0.30644855
10955,0.29012358
10969,0.46790472
10984,0.43727005
10987,0.3538903
10990,0.35120708
10992,0.35222763
10996,0.38269156
10997,0.45537546
10999,0.32730636
11000,0.71674657
11001,0.39790124
11010,0.33654356
11016,0.33654356
11018,0.84565735
11034,0.935889
11039,0.40121588
11041,0.32108688
11047,0.39174506
11053,0.593619
11055,0.25479344
11056,0.41298792
11065,0.34511283
11068,0.56982136
11070,0.34168792
11071,0.626416
11072,0.3327834
11079,0.3888389
11091,0.37621036
11094,0.29675516
11112,0.34961903
11113,0.34961903
11128,0.24194068
11153,0.6812834
11154,0.052976005
11163,0.3820314
11179,0.26026767
11181,0.18354203
11206,0.2750353
11216,0.30562887
11221,0.3423376
11223,0.7901687
11228,0.8180329
11235,0.4026393
11237,0.3566549
11244,0.41716537
11256,0.40338954
11267,0.3978314
11272,0.67974937
11281,0.33901826
11285,0.27298093
11288,0.42060086
11291,0.3380337
11293,0.38505852
11297,0.33142295
11298,0.26905188
11299,0.33225793
11301,0.36979848
11309,0.6852398
11331,0.37740776
11332,0.40040714
11337,0.41826093
11343,0.8123354
11347,0.4154318
11348,0.747019
11355,0.9722906
11368,0.25530612
11369,0.8606559
11371,0.81685233
11378,0.66070086
11384,0.36262742
11387,0.44994688
11393,0.42127538
11399,0.43628487
11412,0.7967815
11431,0.37347206
11432,0.36758053
11444,0.9536239
11450,0.99358445
11451,0.5908998
11476,0.28234658
11488,0.3526765
11495,0.71835905
11505,0.3484296
11508,0.9335887
11518,0.32733443
11522,0.52547777
11524,0.32733443
11533,0.33396167
11549,0.33396167
11551,0.9967763
11560,0.4272406
11563,0.41759738
11565,0.75178117
11567,0.36429554
11569,0.4117739
11598,0.55121243
11604,0.7794382
11611,0.41764465
11617,0.5623781
11626,0.32733443
11642,0.41973463
11643,0.29521
11648,0.2547712
11651,0.34049693
11663,0.29630798
11666,0.36780635
11685,0.3290735
11686,0.55263406
11698,0.2560484
11708,0.36952683
11711,0.39913255
11718,0.39009908
11742,0.44415444
11761,0.8021176
11767,0.41817027
11768,0.39415985
11775,0.5391064
11779,0.3983287
11786,0.96399033
11790,0.8080038
11791,0.41540965
11796,0.017605783
11806,0.5770801
11810,0.3900419
11811,0.33840802
11814,0.99222904
11816,0.35168454
11820,0.43217462
11822,0.31598228
11829,0.5139017
11832,0.4293212
11834,0.7656192
11836,0.3677737
11837,0.29988483
11844,0.8005315
11847,0.6935424
11864,0.67403895
11865,0.6306091
11872,0.3744939
11873,0.32182646
11886,0.41974917
11894,0.36618716
11905,0.30825394
11906,0.22655597
11907,0.3448921
11912,0.45792696
11914,0.67564815
11918,0.39348742
11924,0.4642413
11929,0.93474746
11930,0.38408273
11936,0.32822224
11937,0.40150005
11954,0.40883616
11957,0.28068668
11964,0.26302055
11968,0.19482334
11972,0.403406
11976,0.45079947
11979,0.37166512
11981,0.41748342
11983,0.36306182
11989,0.34575418
11991,0.4197646
11998,0.44741824
12003,0.49023315
12007,0.3719421
12011,0.6289149
12014,0.42261514
12024,0.25031084
12033,0.44514915
12034,0.44791052
12041,0.35221916
12046,0.32733443
12056,0.29544535
12064,0.3317586
12069,0.26647586
12070,0.3596639
12071,0.3492707
12072,0.2044227
12078,0.31686538
12091,0.63638383
12092,0.27309784
12094,0.2913146
12098,0.28230542
12103,0.3417049
12115,0.7958073
12118,0.403406
12122,0.7394769
12125,0.95217127
12133,0.3502074
12137,0.40552676
12141,0.37316588
12143,0.31856662
12144,0.8057657
12154,0.36020884
12163,0.3765091
12170,0.73634636
12193,0.34003335
12196,0.37788633
12206,0.35258693
12209,0.41564015
12214,0.347669
12228,0.30344987
12233,0.61386204
12238,0.41564015
12242,0.35951105
12245,0.6593107
12247,0.3143964
12251,0.38077033
12287,0.36092645
12292,0.8574924
12304,0.4058887
12317,0.796376
12320,0.81004137
12323,0.8174355
12328,0.40622514
12333,0.8174355
12334,0.36913896
12335,0.6905154
12352,0.40175796
12358,0.37736106
12364,0.36237252
12376,0.30620497
12396,0.4312869
12402,0.9850483
12406,0.42306367
12408,0.20732735
12410,0.9850483
12413,0.5662329
12417,0.2746336
12424,0.5719331
12425,0.34489888
12426,0.31207046
12430,0.37296686
12432,0.870445
12433,0.3528714
12451,0.24519831
12457,0.51801825
12465,0.37764966
12468,0.57809275
12474,0.38084328
12475,0.37764966
12486,0.39993638
12487,0.58186466
12514,0.35937467
12524,0.99222904
12526,0.3715672
12530,0.3182365
12532,0.023503805
12593,0.26253378
12599,0.3434677
12600,0.3765319
12603,0.38165474
12624,0.98519117
12630,0.3716535
12638,0.3873944
12641,0.69180024
12643,0.76509017
12656,0.34267473
12666,0.9015926
12673,0.82490754
12675,0.26520097
12678,0.90198284
12692,0.006170036
12693,0.8258872
12707,0.32020876
12711,0.7811113
12716,0.27593958
12717,0.71323854
12723,0.4074879
12738,0.41817555
12742,0.35072252
12746,0.37917966
12753,0.33290148
12758,0.4348913
12760,0.3184188
12763,0.33806628
12764,0.32132575
12768,0.43296936
12776,0.35400373
12777,0.41598555
12783,0.8347188
12804,0.2931433
12824,0.41552216
12839,0.3794258
12847,0.33849722
12850,0.9837002
12867,0.82490754
12883,0.28622615
12887,0.3295621
12890,0.3233835
12903,0.6434115
12906,0.40974942
12907,0.21006314
12909,0.24762875
12912,0.2775506
12915,0.23702975
12930,0.78906274
12931,0.55472267
12934,0.703915
12951,0.41706666
12955,0.36417088
12973,0.33200616
12988,0.3766993
12999,0.343184
13015,0.6613576
13026,0.92020005
13036,0.40545148
13039,0.2837678
13040,0.27090526
13041,0.3211671
13043,0.72622526
13057,0.32270443
13064,0.41117516
13068,0.77612513
13069,0.65232193
13073,0.5173674
13079,0.8976687
13086,0.24263786
13089,0.68150187
13093,0.39164418
13097,0.7715271
13098,0.33635572
13105,0.32186896
13107,0.5078812
13108,0.426887
13110,0.43253002
13112,0.87012696
13114,0.4160892
13118,0.43253002
13127,0.3749805
13129,0.3306326
13142,0.9877467
13146,0.35094497
13149,0.35094497
13157,0.3414916
13158,0.8917361
13159,0.8220867
13161,0.36557078
13162,0.38416976
13166,0.3513014
13168,0.35570133
13170,0.9765471
13186,0.5879128
13191,0.31909525
13203,0.38634348
13209,0.29808435
13212,0.3244777
13213,0.38284567
13222,0.32508385
13229,0.65357095
13234,0.5395287
13257,0.74023694
13258,0.39188936
13268,0.2837545
13270,0.33842707
13291,0.3360741
13292,0.5573243
13299,0.359547
13307,0.9937366
13309,0.38204125
13311,0.36055252
13312,0.3848725
13322,0.43061697
13324,0.77837396
13330,0.43833408
13338,0.37401664
13344,0.7004189
13348,0.19911332
13355,0.65064394
13365,0.9799653
13368,0.29976037
13370,0.39555284
13372,0.52209854
13377,0.91619986
13385,0.6171543
13389,0.35848567
13393,0.31431195
13395,0.36162266
13404,0.25674713
13411,0.45775133
13416,0.39681315
13434,0.42075366
13435,0.76186055
13445,0.42402104
13446,0.31496096
13451,0.6587866
13462,0.51791435
13464,0.34890664
13466,0.3162164
13471,0.3378878
13472,0.79109466
13477,0.403406
13481,0.31027597
13484,0.8703152
13490,0.34819448
13492,0.7782213
13500,0.30428094
13508,0.4249329
13516,0.43752486
13525,0.39527753
13526,0.42383358
13530,0.7384479
13532,0.36330867
13538,0.45725983
13546,0.41708404
13548,0.4508367
13550,0.8193775
13551,0.41057193
13564,0.44805118
13566,0.9151075
13570,0.40554345
13580,0.37720755
13585,0.20629267
13588,0.25743383
13592,0.33200616
13594,0.35244682
13609,0.29870185
13610,0.88696414
13613,0.33573183
13625,0.35617882
13626,0.83078414
13639,0.75538224
13645,0.7615646
13647,0.577631
13648,0.31429785
13652,0.6497856
13654,0.7612852
13664,0.37764966
13673,0.35906407
13684,0.29872027
13690,0.34016958
13693,0.27858683
13696,0.2983435
13700,0.8259413
13701,0.35341394
13707,0.5564189
13713,0.2573548
13714,0.3634878
13716,0.5453874
13720,0.31856662
13727,0.32217613
13733,0.3777715
13738,0.20813785
13757,0.4057958
13759,0.71793216
13761,0.32733443
13767,0.2508975
13782,0.34943524
13786,0.37816006
13787,0.39643127
13792,0.24089028
13795,0.840956
13798,0.3443845
13807,0.040018305
13809,0.33671921
13811,0.38738012
13815,0.37639436
13817,0.27503717
13818,0.25351712
13822,0.33645824
13824,0.27971712
13829,0.30877075
13832,0.92252
13840,0.65346956
13841,0.61528313
13868,0.30712727
13871,0.9458187
13880,0.36856264
13888,0.6805187
13890,0.7612852
13891,0.36304834
13895,0.27068153
13907,0.28635156
13910,0.74619967
13912,0.7630625
13913,0.33634105
13923,0.8407027
13929,0.38644955
13936,0.38756266
13946,0.23488428
13950,0.30845156
13951,0.36618033
13954,0.2876643
13958,0.93078494
13969,0.63844556
13980,0.28258163
13981,0.40529838
13986,0.42314842
13987,0.27137554
13989,0.66682005
13992,0.2970169
13994,0.34022838
14001,0.8170262
14002,0.37874535
14004,0.3530565
14006,0.38143852
14012,0.6802432
14021,0.34283265
14024,0.9069902
14045,0.2965935
14047,0.8189272
14057,0.37551382
14059,0.32073393
14060,0.43366826
14068,0.23695621
14070,0.5427955
14074,0.558647
14076,0.6579411
14089,0.32510072
14115,0.50472015
14116,0.32600075
14128,0.54315144
14131,0.35782245
14134,0.6537508
14137,0.50658
14138,0.37245166
14139,0.7504024
14152,0.30919197
14153,0.8781999
14155,0.37335336
14156,0.8323027
14164,0.31178212
14165,0.633742
14171,0.28086108
14174,0.3665884
14181,0.40883616
14186,0.8171231
14192,0.5467253
14201,0.6492217
14210,0.59471405
14214,0.274199
14231,0.36533636
14236,0.2711385
14241,0.3983287
14245,0.35031402
14249,0.38616186
14251,0.3983287
14262,0.36746725
14265,0.31643486
14267,0.5833577
14270,0.98154014
14276,0.71232206
14279,0.4355275
14281,0.3012578
14289,0.2759041
14290,0.2649499
14293,0.6892562
14295,0.7896779
14297,0.4100796
14298,0.33396167
14310,0.3879817
14312,0.8201992
14315,0.8201992
14318,0.5608048
14319,0.582184
14325,0.6050289
14331,0.3827616
14334,0.30907667
14341,0.55104095
14343,0.97403437
14344,0.355056
14346,0.37282652
14347,0.352739
14349,0.34675187
14352,0.2898831
14358,0.34953088
14361,0.3753559
14363,0.655682
14374,0.57639843
14376,0.42495373
14381,0.5486427
14398,0.41234207
14410,0.39888838
14412,0.45957732
14415,0.45957732
14423,0.5141234
14425,0.39054325
14436,0.32166198
14444,0.3426245
14455,0.6976918
14465,0.34173766
14469,0.33200616
14471,0.30426767
14475,0.35473564
14479,0.43170995
14480,0.37096432
14488,0.53987306
14491,0.75988245
14501,0.34901592
14520,0.8413171
14522,0.641436
14523,0.2848645
14537,0.7530034
14538,0.5535307
14550,0.32174197
14561,0.34449
14575,0.33200616
14586,0.44105172
14592,0.3418033
14601,0.8314478
14602,0.39861336
14604,0.4404808
14606,0.2735323
14627,0.33576438
14641,0.69497764
14652,0.3095604
14662,0.6444865
14665,0.6018899
14673,0.5393209
14675,0.3983287
14679,0.84787196
14683,0.38123098
14686,0.31355628
14705,0.34921855
14708,0.3641303
14709,0.6776268
14710,0.3535642
14715,0.5071644
14717,0.3992448
14723,0.28118584
14725,0.27203897
14727,0.5700358
14728,0.31829047
14735,0.28709927
14746,0.33881423
14752,0.47063714
14757,0.25851735
14762,0.35027215
14763,0.3720919
14797,0.4029093
14812,0.41221637
14818,0.7858762
14825,0.3794135
14827,0.39805254
14829,0.35451022
14830,0.41678548
14837,0.3709389
14849,0.33200616
14863,0.39823544
14869,0.3727662
14882,0.28784192
14884,0.7244375
14886,0.7009799
14888,0.7855082
14890,0.26209256
14904,0.31825656
14938,0.31810355
14952,0.35743165
14958,0.8740261
14963,0.3299035
14979,0.31316903
14980,0.31803617
14986,0.49105424
14988,0.36826771
15003,0.28574094
15006,0.6947595
15009,0.989146
15015,0.72516465
15024,0.34691864
15030,0.6201703
15036,0.32509807
15038,0.6290114
15039,0.32509807
15047,0.91418993
15049,0.25724375
15056,0.9887843
15068,0.30899516
15070,0.36987185
15073,0.27203482
15081,0.3498672
15084,0.22020142
15088,0.9862097
15092,0.19077311
15095,0.3396769
15097,0.3407619
15098,0.34121427
15115,0.56369317
15120,0.81497896
15126,0.3390209
15133,0.36663574
15143,0.3498672
15156,0.420196
15164,0.1489261
15178,0.48653305
15198,0.73478615
15200,0.5837039
15208,0.014073502
15214,0.25161576
15218,0.87462866
15231,0.3646141
15238,0.33632696
15239,0.3646141
15240,0.41358817
15249,0.30103058
15256,0.41071776
15260,0.53806686
15290,0.31856263
15307,0.99626154
15308,0.81015414
15321,0.80856997
15323,0.6634881
15325,0.29044923
15342,0.68024325
15346,0.37030277
15349,0.3693916
15354,0.3216579
15362,0.3309314
15379,0.2611846
15383,0.34826422
15394,0.2394469
15401,0.55659395
15405,0.34786057
15407,0.38077334
15412,0.4402314
15413,0.47723198
15415,0.6154552
15427,0.7719856
15430,0.6312894
15436,0.56843907
15439,0.26284012
15443,0.38875392
15444,0.85467726
15445,0.7715212
15450,0.28669062
15456,0.88854504
15465,0.3145112
15466,0.26421264
15470,0.30448982
15474,0.63262516
15476,0.420857
15482,0.23234561
15492,0.31313354
15510,0.5598481
15519,0.3177428
15523,0.21126896
15535,0.6187597
15561,0.9482937
15564,0.6140704
15566,0.28842258
15579,0.37380317
15580,0.6355834
15581,0.34994668
15587,0.38641882
15589,0.28615317
15591,0.4449864
15597,0.3997865
15620,0.7507754
15627,0.6595444
15636,0.79117703
15653,0.334915
15662,0.925259
15664,0.33216387
15666,0.50702864
15667,0.20999429
15674,0.46857816
15692,0.32797098
15715,0.32158634
15736,0.5633939
15744,0.7584307
15746,0.29342476
15758,0.3458055
15760,0.24606581
15766,0.28740063
15767,0.35400096
15789,0.79117703
15810,0.27916348
15818,0.29601258
15820,0.27766055
15830,0.42114577
15844,0.214288
15850,0.2574801
15857,0.40411547
15863,0.9466698
15869,0.28740975
15872,0.33792388
15873,0.5524168
15884,0.23369385
15885,0.7377792
15891,0.83295614
15898,0.33137712
15900,0.252387
15932,0.28599066
15940,0.29027995
15944,0.24487144
15945,0.2799947
15963,0.79825574
15970,0.33818907
15977,0.3057305
15982,0.32514846
15985,0.37500307
15995,0.43216416
16004,0.29932117
16005,0.3428945
16011,0.26143658
16019,0.68482393
16021,0.36349702
16051,0.74918485
16065,0.3231693
16066,0.25469667
16076,0.3428945
16091,0.37901697
16094,0.2652064
16101,0.24108171
16104,0.75281125
16113,0.75281125
16114,0.5814381
16115,0.75281125
16127,0.57791585
16128,0.2473714
16138,0.6795298
16139,0.65284395
16142,0.28456423
16144,0.50416154
16148,0.74726874
16151,0.31070626
16156,0.5193669
16165,0.4902534
16166,0.2964252
16179,0.7583379
16193,0.5948863
16196,0.6056803
16198,0.3304359
16210,0.6580204
16232,0.41895455
16237,0.25107396
16240,0.515907
16252,0.57029754
16259,0.35985816
16262,0.3231693
16263,0.36683145
16270,0.3312812
16272,0.28844276
16290,0.24897689
16295,0.93217456
16297,0.35826424
16299,0.33512723
16300,0.24875802
16302,0.3377157
16303,0.5124832
16305,0.53046316
16309,0.30544403
16312,0.27791256
16320,0.36826771
16326,0.2504145
16327,0.29986894
16338,0.40706122
16342,0.35885262
16346,0.51038724
16348,0.32676408
16355,0.5480544
16356,0.55748904
16378,0.8183931
16382,0.24783912
16391,0.35796556
16392,0.38839787
16395,0.80123204
16399,0.3070106
16403,0.3389583
16408,0.30519032
16413,0.3695287
16415,0.2586144
16417,0.74420995
16420,0.40634975
16431,0.29947022
16439,0.5554597
16444,0.76202863
16446,0.03162225
16451,0.5587847
16454,0.3465874
16461,0.3964545
16462,0.389585
16469,0.3422379
16484,0.33578297
16486,0.72472537
16487,0.36408326
16491,0.37019783
16494,0.31275085
16507,0.45762098
16508,0.36944026
16519,0.3351
16523,0.3828261
16526,0.78553754
16530,0.3960791
16532,0.7975469
16542,0.25865552
16550,0.73240703
16555,0.386817
16558,0.3137463
16567,0.79465497
16576,0.4246403
16579,0.30252695
16595,0.62587225
16598,0.30121076
16600,0.3492493
16604,0.7738014
16605,0.81202364
16607,0.8076394
16610,0.36347774
16612,0.9950191
16617,0.65108216
16625,0.7195089
16632,0.5740553
16634,0.6241601
16650,0.3600868
16654,0.34517685
16655,0.35338125
16656,0.26212904
16657,0.45096958
16660,0.47174838
16662,0.6294542
16669,0.30633068
16675,0.6926642
16676,0.32609943
16678,0.29132146
16679,0.3740978
16693,0.34074268
16701,0.2139024
16715,0.3167804
16722,0.6885323
16724,0.55622655
16727,0.58522975
16735,0.2987015
16741,0.3063504
16752,0.29510674
16758,0.298223
16765,0.3042943
16771,0.4352666
16785,0.21870397
16793,0.5359142
16800,0.39318985
16805,0.28188235
16809,0.2736955
16820,0.44786933
16827,0.5080001
16830,0.4233813
16843,0.99064845
16847,0.31804585
16855,0.7808747
16860,0.68864876
16862,0.74954677
16863,0.3328233
16872,0.07330983
16874,0.22741914
16876,0.38964045
16893,0.34348688
16895,0.331517
16914,0.38486916
16917,0.38226345
16926,0.3423855
16930,0.46184188
16931,0.3179236
16932,0.32775608
16934,0.27338892
16937,0.3631256
16941,0.325498
16942,0.92031854
16957,0.31564543
16962,0.54506564
16967,0.5640563
16968,0.79236376
16972,0.35801953
16974,0.35946107
16984,0.3784804
16987,0.30251634
16994,0.7894098
16995,0.594726
16999,0.36094612
17034,0.5811093
17038,0.32832417
17040,0.21335626
17050,0.28852266
17068,0.3538607
17077,0.3052778
17079,0.6548922
17082,0.6202743
17085,0.68625736
17087,0.3556645
17099,0.7722747
17105,0.3685568
17108,0.24229485
17110,0.2604094
17111,0.36804193
17123,0.40106645
17124,0.38817528
17130,0.5971024
17138,0.39405617
17143,0.83527064
17157,0.2742455
17160,0.8642023
17166,0.4122405
17167,0.31208017
17179,0.37151062
17180,0.3198473
17189,0.8098145
17197,0.7296572
17219,0.55741227
17223,0.23228422
17225,0.8324768
17229,0.8428642
17234,0.3818054
17235,0.24884155
17239,0.36160624
17242,0.29552475
17243,0.3368546
17246,0.48349565
17247,0.23614526
17255,0.21730217
17258,0.37436017
17260,0.347629
17264,0.59050226
17270,0.34344417
17271,0.3586499
17272,0.36884084
17285,0.29947734
17294,0.31279323
17297,0.39721444
17298,0.6695672
17299,0.38986313
17306,0.22209455
17324,0.38881958
17326,0.27290887
17330,0.43447667
17345,0.35486624
17351,0.76453537
17352,0.25541407
17372,0.22265649
17381,0.7281075
17385,0.6445362
17388,0.2732408
17390,0.5425824
17392,0.799422
17399,0.21936305
17404,0.35050073
17407,0.24812007
17408,0.59669095
17416,0.74094725
17418,0.32968068
17434,0.80563444
17438,0.6570667
17443,0.8404926
17444,0.36002758
17453,0.38856
17460,0.5175931
17467,0.37891817
17480,0.34162536
17488,0.6724582
17490,0.30630752
17493,0.34375516
17498,0.30452085
17503,0.2806563
17513,0.3741325
17520,0.6525169
17525,0.5306767
17534,0.31709534
17545,0.32828164
17553,0.37962976
17554,0.3678442
17557,0.28635833
17563,0.6208288
17576,0.35820532
17577,0.3911478
17580,0.6576942
17582,0.31982997
17596,0.38828042
17597,0.3348387
17602,0.73880726
17614,0.70541936
17623,0.47603485
17624,0.7491717
17627,0.66687274
17628,0.31750974
17630,0.28850177
17634,0.93130463
17640,0.36360207
17652,0.2779402
17657,0.2553568
17661,0.22111869
17662,0.35101074
17666,0.30875012
17682,0.82591784
17688,0.503712
17693,0.47686344
17705,0.4478341
17711,0.44482252
17715,0.30384222
17717,0.3297494
17721,0.27600402
17728,0.19338344
17737,0.33028162
17745,0.37094668
17755,0.30283102
17764,0.79324913
17774,0.36030757
17785,0.3619219
17786,0.746757
17789,0.313293
17802,0.4200175
17810,0.79711837
17819,0.8603597
17825,0.3120809
17828,0.37676343
17833,0.25437582
17841,0.7094503
17842,0.35112524
17844,0.2626904
17849,0.3857487
17855,0.3989737
17857,0.96425503
17861,0.4172243
17863,0.3151143
17868,0.35768473
17876,0.6223458
17882,0.36233935
17885,0.32558107
17893,0.40635267
17894,0.35737595
17902,0.7846166
17906,0.33566195
17911,0.43417022
17917,0.3032125
17921,0.28521052
17941,0.33272237
17945,0.30961528
17949,0.24311313
17954,0.3889004
17957,0.39638653
17958,0.7473886
17960,0.28211918
17985,0.72550976
18000,0.31166577
18002,0.619225
18008,0.23018272
18014,0.44637597
18015,0.990368
18019,0.2082917
18021,0.33437034
18026,0.20163122
18029,0.39456373
18034,0.6407555
18035,0.38777953
18036,0.4023192
18039,0.7296572
18066,0.25842518
18076,0.35833892
18089,0.2192567
18104,0.3362505
18110,0.35232323
18129,0.71216667
18131,0.8361046
18133,0.3049945
18136,0.328899
18148,0.39187118
18152,0.02212727
18167,0.79943675
18177,0.27756238
18178,0.25896975
18183,0.32643524
18194,0.5084076
18197,0.7075904
18213,0.20696414
18214,0.26627982
18221,0.3310154
18227,0.17374687
18239,0.8766567
18245,0.31856602
18266,0.22267605
18267,0.43426463
18274,0.34620216
18283,0.25340927
18297,0.23793377
18302,0.21885592
18303,0.6882996
18315,0.43066773
18324,0.2992425
18326,0.6931677
18334,0.31384677
18336,0.28413466
18344,0.2913586
18346,0.32262072
18347,0.21351321
18350,0.35147908
18352,0.41813686
18364,0.47318074
18366,0.517662
18373,0.26951823
18391,0.2581144
18393,0.2958479
18395,0.6267286
18400,0.6031586
18408,0.40623665
18421,0.49293116
18425,0.66929257
18443,0.24968378
18451,0.23398183
18456,0.29787523
18458,0.5891703
18460,0.22082415
18467,0.28332838
18468,0.32408595
18475,0.41603127
18485,0.19046834
18494,0.7265526
18495,0.94626904
18508,0.586182
18530,0.3698942
18533,0.35055697
18547,0.26587895
18548,0.31086332
18553,0.23475207
18561,0.35015073
18565,0.7901306
18572,0.30945107
18593,0.27654094
18600,0.2706036
18621,0.5942206
18629,0.6783555
18637,0.29113656
18649,0.34462863
18653,0.46727267
18660,0.33882195
18671,0.24875572
18672,0.25164902
18677,0.33028778
18681,0.9177706
18684,0.9023226
18686,0.2715218
18689,0.46694952
18690,0.47908074
18709,0.60503167
18716,0.80520755
18723,0.55706155
18773,0.24186517
18782,0.38603655
18797,0.5841172
18810,0.43578443
18817,0.6331768
18820,0.8457125
18825,0.26965538
18837,0.56956977
18850,0.7015497
18857,0.30991492
18861,0.5637407
18867,0.35546276
18870,0.21933988
18877,0.6244987
18887,0.31922147
18898,0.27265617
18900,0.6043249
18914,0.5299585
18921,0.65086216
18922,0.7593536
18945,0.29494345
18947,0.61525726
18953,0.46000046
18954,0.2955679
18957,0.52761465
18960,0.745037
18973,0.36164355
18983,0.33251396
18990,0.2813597
18991,0.21235318
18993,0.29014203
18995,0.29313374
18996,0.2655921
19003,0.23802212
19014,0.33789307
19015,0.33789307
19019,0.6198579
19028,0.29526857
19038,0.47091538
19040,0.339407
19046,0.3345074
19051,0.22098136
19054,0.94376296
19056,0.31052515
19074,0.2768498
19085,0.70762503
19099,0.8131105
19124,0.36893123
19134,0.5966047
19141,0.34053686
19146,0.60912055
19150,0.26666993
19170,0.35843614
19176,0.36606634
19187,0.35206077
19189,0.35438257
19202,0.6717861
19208,0.32358393
19209,0.26224434
19210,0.84729075
19216,0.3721954
19217,0.23414864
19218,0.7006679
19223,0.32539558
19240,0.27653277
19246,0.3729224
19269,0.36838377
19275,0.693908
19287,0.30733567
19298,0.36197278
19303,0.309149
19313,0.6514961
19325,0.27976853
19326,0.28477123
19328,0.41656345
19330,0.38864195
19340,0.49460244
19342,0.26072025
19343,0.33925605
19344,0.47535518
19363,0.23033221
19364,0.5500239
19371,0.26096523
19376,0.27517185
19377,0.2697443
19381,0.36408648
19384,0.40280816
19390,0.31968355
19402,0.3312357
19405,0.2900749
19409,0.21162392
19418,0.67524487
19429,0.6241844
19446,0.5675687
19458,0.6897943
19460,0.77762187
19462,0.7272354
19465,0.33418527
19472,0.30838016
19480,0.33696854
19503,0.76340055
19507,0.53550005
19517,0.3369291
19533,0.3318037
19537,0.1663521
19541,0.29550582
19563,0.25690106
19566,0.8251504
19568,0.6166592
19576,0.34090903
19591,0.30346063
19597,0.81502235
19619,0.43427825
19622,0.7329028
19623,0.3147313
19624,0.31249878
19627,0.3225685
19629,0.26911902
19633,0.29863232
19639,0.17031433
19641,0.29481962
19643,0.32451287
19649,0.21165621
19652,0.70343477
19657,0.31301656
19660,0.6746586
19668,0.9961289
19678,0.2778126
19686,0.78177077
19690,0.20207569
19694,0.40635377
19695,0.2675137
19702,0.7699203
19712,0.61400056
19720,0.71507907
19735,0.6669515
19739,0.34154597
19740,0.63976586
19743,0.27464393
19750,0.48813626
19752,0.67673236
19754,0.33553544
19762,0.51080513
19770,0.27813762
19775,0.4924313
19777,0.2959629
19782,0.23152913
19783,0.74455386
19786,0.29606035
19805,0.27286908
19808,0.21308817
19819,0.77911663
19821,0.2989813
19827,0.27553195
19830,0.49168497
19832,0.40057772
19833,0.24718009
19834,0.305909
19843,0.29022917
19844,0.1977504
19846,0.26537222
19847,0.30091682
19850,0.80767465
19851,0.39543137
19861,0.6336545
19873,0.5834136
19878,0.29686102
19886,0.3085223
19892,0.67131805
19901,0.28555623
19902,0.49014458
19920,0.85539544
19921,0.2350896
19922,0.3040124
19929,0.8550422
19932,0.5451888
19935,0.3074511
19936,0.5882172
19946,0.7694894
19950,0.50306016
19952,0.50568175
19955,0.49285102
19976,0.34130123
19983,0.60261744
19987,0.29585823
19991,0.8719109
19996,0.6632487
20007,0.83343375
20015,0.36329338
20019,0.19897197
20023,0.31625894
20034,0.33083722
20036,0.26695278
20038,0.37909868
20039,0.3753448
20040,0.77445537
20045,0.53468907
20046,0.56141293
20048,0.37305084
20060,0.355896
20068,0.34926146
20074,0.7940807
20111,0.2734229
20117,0.22178796
20125,0.32832935
20129,0.64868313
20134,0.33454663
20135,0.3592012
20139,0.28218225
20142,0.5064338
20147,0.6687171
20154,0.7625449
20157,0.21983753
20169,0.042133793
20179,0.18717965
20202,0.3219284
20207,0.38037932
20215,0.27408624
20216,0.8499539
20217,0.81824815
20218,0.7580215
20219,0.58189416
20226,0.33022147
20236,0.3213298
20239,0.21630101
20246,0.299745
20247,0.22756247
20253,0.5946154
20255,0.2700273
20268,0.34049374
20270,0.8276367
20271,0.30803114
20279,0.49878007
20282,0.55463475
20295,0.30296686
20302,0.3629563
20305,0.48601618
20306,0.4834791
20308,0.31768048
20330,0.6285681
20335,0.56951344
20344,0.23457278
20349,0.921418
20360,0.30894098
20362,0.69528276
20378,0.49932185
20394,0.23042381
20397,0.6584554
20403,0.238015
20405,0.61948377
20415,0.23708758
20417,0.30217415
20420,0.29699838
20425,0.3829826
20430,0.7616007
20435,0.36787695
20443,0.36243019
20446,0.40163818
20458,0.33714998
20459,0.7607195
20467,0.23100106
20470,0.78677386
20482,0.7166431
20489,0.66703016
20495,0.33133826
20496,0.3954785
20497,0.65670633
20505,0.35601664
20509,0.7428212
20535,0.3808926
20539,0.819253
20544,0.66895723
20547,0.3084793
20556,0.14271623
20557,0.44661006
20575,0.25525647
20577,0.31805938
20596,0.19743559
20597,0.40329358
20602,0.29890215
20603,0.3200757
20609,0.724488
20618,0.30010745
20621,0.6539889
20628,0.40384167
20634,0.6562801
20637,0.3519038
20641,0.3826511
20642,0.43440008
20647,0.30401018
20655,0.5773065
20656,0.13344322
20661,0.279845
20664,0.7449269
20674,0.7887388
20679,0.65675694
20680,0.3376905
20683,0.78749937
20687,0.24527359
20688,0.9868739
20695,0.23258828
20696,0.35117856
20699,0.30291682
20701,0.22637828
20702,0.17697932
20704,0.32679302
20721,0.31249714
20725,0.22555849
20731,0.34344912
20741,0.336817
20742,0.2282483
20753,0.4146394
20756,0.20318839
20769,0.21108823
20771,0.46762824
20774,0.27350563
20777,0.2607006
20781,0.31143332
20797,0.6829062
20808,0.4124697
20810,0.48058504
20820,0.1511326
20823,0.9801051
20829,0.85955364
20832,0.30594918
20833,0.30054533
20837,0.32635635
20838,0.2391207
20839,0.28534192
20847,0.32040378
20861,0.3516319
20869,0.99625164
20875,0.2003172
20877,0.49399674
20889,0.27718452
20894,0.8993857
20901,0.6066826
20919,0.23690693
20923,0.26435944
20935,0.8332299
20937,0.44429818
20939,0.74138457
20940,0.28984013
20943,0.29989228
20946,0.80484617
20950,0.62838566
20961,0.8504092
20965,0.31695554
20967,0.50321376
20969,0.26725218
20970,0.37467796
20975,0.50732553
20987,0.5792256
20995,0.6372823
20998,0.82357216
21002,0.22141948
21012,0.98730636
21013,0.784174
21015,0.3113225
21017,0.32497165
21020,0.2435724
21028,0.23744223
21031,0.27792504
21036,0.24580123
21040,0.2816305
21048,0.6608347
21049,0.30385095
21051,0.4536478
21070,0.28525195
21072,0.53149605
21079,0.5622764
21090,0.4976363
21093,0.27484807
21104,0.16072705
21114,0.34337187
21117,0.2599442
21120,0.30604085
21121,0.25351518
21132,0.23942417
21136,0.40724885
21139,0.5035513
21140,0.2894916
21146,0.5696954
21150,0.412354
21178,0.70837706
21180,0.8040188
21198,0.31381997
21203,0.27125493
21210,0.29386806
21218,0.25208277
21220,0.27271518
21222,0.258153
21228,0.67355007
21236,0.4243027
21239,0.24519296
21260,0.25749278
21267,0.20918584
21271,0.2996375
21279,0.18786396
21286,0.19272529
21288,0.25791907
21294,0.5152422
21298,0.30453065
21299,0.59616846
21300,0.71679837
21304,0.3310363
21307,0.20831826
21309,0.2538903
21311,0.2007295
21331,0.24190663
21332,0.88664013
21342,0.38610953
21345,0.68920296
21348,0.7620887
21353,0.37793836
21357,0.24967398
21369,0.3856989
21370,0.71594936
21371,0.2515341
21373,0.02356828
21385,0.55034345
21392,0.3166667
21401,0.32792318
21403,0.19733866
21406,0.49141416
21413,0.49635318
21414,0.6763231
21416,0.6510271
21423,0.88577425
21442,0.2860212
21443,0.20944978
21448,0.24606593
21459,0.48423633
21467,0.25223467
21474,0.39522806
21484,0.5825562
21488,0.6819827
21495,0.32246345
21498,0.26167244
21502,0.20782945
21503,0.41728652
21510,0.38058642
21516,0.80560124
21533,0.81055635
21535,0.27553403
21539,0.17512491
21541,0.42781773
21544,0.5419422
21554,0.7322785
21569,0.27310225
21572,0.30417976
21578,0.3025137
21580,0.22131227
21584,0.2501761
21589,0.72326726
21595,0.3487376
21598,0.5894219
21599,0.30125514
21606,0.3628345
21623,0.25674573
21639,0.54498184
21641,0.26220307
21645,0.23595054
21647,0.53652185
21648,0.17167358
21657,0.26805335
21671,0.4426018
21673,0.237868
21678,0.37738103
21696,0.45501307
21699,0.3643655
21700,0.28178677
21703,0.25069314
21710,0.26979765
21721,0.28059024
21727,0.25111765
21728,0.8114355
21731,0.30257708
21741,0.2616028
21744,0.80225056
21748,0.2420578
21753,0.25094223
21756,0.43155608
21763,0.31602404
21767,0.19496341
21772,0.8502929
21774,0.2764152
21775,0.7197164
21780,0.5404262
21787,0.47580254
21805,0.24402851
21828,0.19831192
21831,0.2749328
21837,0.2356823
21842,0.2804828
21849,0.24422815
21856,0.30302694
21858,0.2340235
21862,0.16605875
21864,0.19257212
21867,0.26426753
21879,0.28639504
21881,0.26363042
21883,0.29643247
21891,0.48953813
21892,0.25632122
21902,0.15365247
21909,0.23693867
21914,0.2194381
21918,0.24067512
21919,0.27391982
21926,0.1967953
21930,0.47668418
21934,0.40700608
21940,0.25072634
21945,0.19095711
21948,0.7561547
21953,0.23003037
21954,0.18956311
21956,0.3937547
21963,0.55595624
21970,0.35182354
21984,0.27026114
21997,0.23960598
21999,0.16885485
22001,0.34748796
22002,0.11651006
22010,0.508107
22013,0.1982951
22022,0.17516272
22024,0.1982951
22028,0.23942676
22029,0.64280134
22045,0.21561237
22049,0.18540594
22064,0.63468266
22069,0.5243736
22074,0.2195032
22082,0.21128875
22084,0.20459862
22090,0.49614093
22096,0.6197923
22100,0.24258599
22105,0.24702042
22119,0.23310949
22130,0.21359023
22152,0.72892547
22155,0.19909409
22164,0.24480855
22173,0.26933074
22194,0.36101133
22209,0.20450826
22217,0.1470993
22220,0.17398143
22222,0.68861854
22244,0.20068878
22245,0.2110046
22250,0.33137205
22256,0.7394351
22261,0.61020076
22264,0.21588245
22270,0.3947234
22279,0.8817618
22280,0.20306008
22284,0.14894398
22288,0.27818447
22293,0.24047282
22297,0.9549971
22307,0.37320787
22310,0.21446875
22319,0.63300633
22324,0.1750512
22326,0.122030884
22327,0.2503251
22329,0.25619802
22331,0.7720885
22340,0.5110343
22342,0.6862186
22347,0.3548388
22351,0.2365766
22357,0.28223857
22361,0.22668757
22371,0.23680504
22373,0.43887052
22391,0.37063563
22404,0.7853411
22409,0.668086
22411,0.2814087
22428,0.7298589
22436,0.5968574
22444,0.68191516
22445,0.28403693
22451,0.2639322
22463,0.25566626
22464,0.21476991
22467,0.8335968
22472,0.21476565
22485,0.85110325
22497,0.25327578
22504,0.5517417
22508,0.27972165
22516,0.20434576
22522,0.16794562
22527,0.42739534
22543,0.85969317
22549,0.27072635
22551,0.3202812
22557,0.4775494
22562,0.21262066
22567,0.19219097
22572,0.22368567
22575,0.20449501
22578,0.21746367
22579,0.26670307
22580,0.24231683
22581,0.20617352
22591,0.69317794
22593,0.28030083
22597,0.21786645
22600,0.373143
22602,0.38871828
22603,0.40246645
22616,0.5356006
22617,0.16858748
22622,0.5152429
22623,0.25138098
22624,0.14628357
22628,0.18251304
22640,0.2236506
22641,0.30826977
22653,0.6039626
22660,0.17828253
22672,0.5431966
22674,0.24208407
22689,0.48886856
22698,0.25550184
22705,0.6856521
22709,0.74973124
22711,0.1860606
22714,0.6878123
22715,0.2615707
22729,0.3953578
22730,0.39382878
22733,0.26034468
22750,0.1691647
22754,0.62949586
22756,0.74994934
22758,0.4318575
22767,0.67629665
22768,0.4124427
22769,0.6671193
22776,0.17687516
22778,0.20318763
22780,0.6045816
22789,0.15666908
22797,0.49481216
22799,0.7533566
22814,0.1787376
22818,0.23876487
22821,0.372352
22823,0.33229154
22841,0.11670025
22847,0.5943576
22848,0.40690872
22862,0.22709674
22875,0.94055796
22877,0.7790371
22887,0.20312636
22892,0.4666747
22899,0.8040511
22901,0.8098087
22907,0.39133483
22909,0.36234763
22926,0.42617843
22927,0.3475634
22930,0.33218133
22934,0.49621618
22937,0.39304134
22939,0.73502445
22949,0.39144132
22951,0.39386976
22955,0.41157565
22965,0.80230457
22966,0.70801497
22968,0.9865107
22972,0.2735711
22975,0.2735711
22981,0.23410621
22988,0.2735711
22994,0.43920195
22996,0.67655945
23011,0.6464569
23028,0.26131558
23031,0.33869871
23035,0.44723156
23038,0.3306123
23042,0.2730167
23049,0.80277896
23051,0.9852173
23053,0.28493184
23057,0.68865967
23058,0.29356802
23063,0.48885778
23064,0.470062
23067,0.31181628
23071,0.3637125
23075,0.37317327
23077,0.65911585
23090,0.35575804
23094,0.344116
23097,0.35738993
23103,0.27140158
23107,0.7060584
23117,0.38383052
23122,0.3208912
23124,0.26929146
23126,0.35044387
23129,0.61758214
23136,0.38215756
23141,0.31761196
23142,0.26805845
23147,0.35964695
23154,0.34528884
23159,0.356493
23165,0.27129102
23171,0.7080334
23173,0.06107554
23175,0.34410882
23179,0.98269075
23182,0.75344175
23185,0.39421198
23188,0.41570482
23189,0.45643574
23209,0.31712845
23214,0.38215756
23215,0.3594749
23233,0.3882323
23241,0.34842807
23252,0.36136168
23255,0.4143705
23263,0.31032386
23281,0.27774078
23282,0.25502893
23289,0.37314808
23292,0.38306826
23296,0.36551064
23297,0.309861
23301,0.30539966
23302,0.3090628
23304,0.1996174
23309,0.31543845
23312,0.3270819
23316,0.3613286
23321,0.31131238
23342,0.446974
23344,0.32183844
23350,0.1868459
23367,0.64529926
23368,0.32676268
23374,0.25165755
23387,0.31969938
23389,0.7409421
23399,0.7916047
23403,0.8520857
23406,0.98491514
23414,0.29530403
23415,0.31373003
23419,0.63032436
23436,0.39478368
23439,0.7240007
23444,0.38825887
23445,0.53682905
23455,0.27707154
23469,0.39113075
23472,0.23775767
23477,0.51513076
23478,0.6244795
23479,0.26005453
23487,0.5160315
23490,0.37647808
23491,0.7240139
23492,0.11205175
23494,0.27914384
23496,0.24156088
23497,0.2698685
23506,0.18672247
23515,0.32107547
23528,0.28380752
23532,0.41353187
23549,0.79867065
23551,0.18521662
23552,0.21857382
23555,0.40304834
23556,0.32361317
23564,0.6638392
23583,0.38998845
23592,0.35044387
23597,0.92902964
23601,0.27381328
23605,0.61049557
23615,0.30015787
23619,0.3182425
23621,0.9278706
23626,0.6357612
23635,0.33633915
23637,0.35479584
23640,0.33269724
23646,0.3095135
23655,0.4125731
23672,0.64470315
23673,0.38831165
23682,0.2522022
23683,0.31204736
23699,0.34469768
23704,0.66630435
23707,0.98491514
23713,0.30902117
23714,0.23153302
23716,0.2735711
23718,0.66630435
23721,0.21421285
23735,0.32324493
23737,0.38789722
23744,0.33183753
23749,0.6189048
23755,0.2655348
23769,0.62864935
23772,0.3070117
23773,0.108472
23774,0.6308725
23779,0.29180324
23782,0.41049418
23793,0.33109173
23803,0.94691604
23828,0.66630435
23833,0.66630435
23834,0.6999252
23844,0.40763807
23845,0.62864935
23852,0.7403887
23855,0.62864935
23867,0.20017447
23872,0.60381216
23874,0.37333968
23880,0.33549976
23886,0.26475585
23898,0.29109898
23900,0.26981446
23903,0.2991563
23907,0.21042338
23908,0.8405491
23912,0.26303926
23916,0.2789798
23917,0.27129102
23918,0.4421117
23922,0.34863922
23928,0.24978796
23940,0.5990379
23944,0.62431264
23945,0.34782988
23951,0.30647588
23966,0.27381906
23970,0.2670694
23971,0.3808934
23976,0.6357612
23980,0.3104583
23987,0.9427801
23988,0.2269257
23993,0.21361795
23997,0.13758865
23998,0.18468055
23999,0.58931243
24010,0.6369488
24015,0.6270422
24023,0.30169067
24033,0.2455398
24046,0.5984725
24060,0.40642047
24062,0.26845315
24065,0.6638392
24070,0.25678578
24071,0.13951764
24073,0.29182142
24079,0.4012586
24082,0.9457805
24084,0.3959737
24089,0.38172483
24094,0.3477099
24100,0.3422635
24105,0.31196177
24106,0.22149491
24108,0.62864935
24111,0.9787649
24120,0.34408438
24125,0.65700316
24134,0.5867142
24140,0.12849312
24151,0.33934042
24153,0.2498645
24154,0.3498087
24161,0.4923688
24166,0.33382133
24170,0.67081463
24176,0.2618443
24182,0.68417656
24188,0.30989745
24190,0.3148717
24201,0.94691604
24211,0.81202704
24215,0.6638392
24216,0.9847499
24219,0.16807629
24222,0.6615875
24240,0.98168373
24243,0.38789916
24245,0.32038122
24251,0.3311975
24256,0.9699874
24258,0.23981583
24261,0.37484157
24263,0.35414988
24264,0.4018295
24266,0.3349646
24273,0.36834824
24278,0.36116466
24289,0.9584854
24292,0.42704648
24293,0.38730875
24298,0.9584854
24299,0.41365552
24303,0.6758239
24304,0.36222637
24305,0.41958976
24329,0.33084413
24341,0.2986649
24345,0.6884795
24353,0.36136535
24358,0.9877209
24364,0.70099545
24367,0.37033883
24370,0.72794145
24377,0.3674342
24380,0.23702481
24381,0.31924713
24387,0.4406846
24391,0.37702817
24409,0.9584854
24413,0.35037792
24416,0.35776997
24427,0.6205777
24439,0.41845664
24443,0.38046563
24448,0.44119138
24454,0.7336769
24455,0.29526645
24461,0.2658474
24464,0.36077496
24468,0.32040775
24469,0.26957166
24501,0.37141636
24508,0.37203252
24519,0.3576615
24520,0.9727077
24538,0.46991202
24540,0.6830582
24550,0.37628394
24552,0.23999721
24561,0.40125352
24577,0.44207534
24579,0.45336485
24580,0.43505013
24582,0.458534
24591,0.84940505
24592,0.41397887
24599,0.8365616
24602,0.3634641
24606,0.3912578
24617,0.24112584
24619,0.83263636
24630,0.2207664
24633,0.76973635
24634,0.66586155
24638,0.35219443
24641,0.3945261
24644,0.4710823
24645,0.76973635
24656,0.42275274
24661,0.42208663
24663,0.71396184
24667,0.41342404
24669,0.71396184
24682,0.4229628
24698,0.34183314
24699,0.7094932
24702,0.38892478
24703,0.38503075
24717,0.399465
24724,0.9910492
24731,0.4061838
24737,0.28527397
24740,0.4678791
24743,0.3146036
24744,0.98925835
24755,0.5197263
24757,0.41416472
24765,0.5197263
24766,0.3945402
24776,0.7122952
24787,0.9721076
24789,0.41029757
24791,0.19271377
24792,0.3210071
24804,0.04291742
24812,0.42064252
24816,0.30346698
24817,0.39216137
24820,0.6977709
24828,0.35751414
24832,0.273025
24836,0.3652202
24842,0.72880507
24846,0.31269884
24847,0.38790742
24848,0.9877209
24851,0.72880507
24855,0.72880507
24856,0.36136535
24871,0.4807477
24874,0.36808327
24877,0.32377645
24889,0.39225355
24897,0.52519965
24899,0.73031026
24908,0.412457
24913,0.6969241
24923,0.3536
24933,0.45617878
24971,0.24240564
24973,0.9852276
24993,0.48057017
24998,0.48057017
25000,0.9727077
25001,0.9727077
25002,0.4255397
25003,0.9877209
25009,0.3645061
25024,0.32973439
25026,0.34721327
25027,0.9878554
25034,0.2679227
25050,0.327987
25057,0.41379973
25067,0.89569587
25075,0.4383479
25081,0.45718765
25085,0.43679252
25093,0.38559633
25097,0.39921647
25103,0.42263466
25104,0.74845386
25109,0.40767613
25112,0.7941566
25113,0.30744407
25114,0.3248144
25119,0.23996307
25121,0.3322468
25122,0.950497
25124,0.7065184
25131,0.3332002
25134,0.75259995
25144,0.3154079
25147,0.6954683
25148,0.43355143
25149,0.34700537
25155,0.43355143
25169,0.85520935
25177,0.6954683
25178,0.38577616
25179,0.38011166
25180,0.6954683
25191,0.6554083
25199,0.33433175
25232,0.37298033
25241,0.41145548
25242,0.7934397
25243,0.28375646
25246,0.37128565
25259,0.70860285
25265,0.7150481
25278,0.6610331
25280,0.27599603
25284,0.4074201
25286,0.6610331
25288,0.3669387
25318,0.989588
25330,0.66664726
25333,0.44858176
25339,0.45106202
25340,0.66664726
25346,0.3586395
25349,0.72222185
25351,0.3936018
25361,0.6931194
25366,0.43941182
25368,0.98924017
25369,0.36908045
25370,0.32207647
25375,0.03334742
25376,0.6700806
25377,0.39623055
25379,0.41369444
25382,0.48381427
25386,0.48381427
25389,0.48381427
25399,0.40036568
25400,0.964581
25401,0.6840281
25407,0.281369
25409,0.24056304
25412,0.57499635
25416,0.2921286
25418,0.43476582
25423,0.4104541
25436,0.3896723
25439,0.24658982
25442,0.3531977
25445,0.9699248
25446,0.42018968
25453,0.36817157
25456,0.32646304
25458,0.28723517
25460,0.38607383
25461,0.28067955
25468,0.9202082
25470,0.36879194
25471,0.26464856
25482,0.44156379
25501,0.7891265
25504,0.6909725
25515,0.30335352
25518,0.39992967
25528,0.40684816
25533,0.34874153
25543,0.24422048
25548,0.32108662
25564,0.3233822
25572,0.6700806
25576,0.32386777
25577,0.32207647
25587,0.3600678
25591,0.4265921
25596,0.24542178
25598,0.33846807
25617,0.32815468
25618,0.74548036
25620,0.35640973
25623,0.3803911
25626,0.35996306
25628,0.33439943
25633,0.41611487
25637,0.44486523
25644,0.24337871
25662,0.3987382
25663,0.50461024
25673,0.67154294
25678,0.3850941
25685,0.40494752
25691,0.22504394
25706,0.3990997
25707,0.39665884
25723,0.45280653
25725,0.37122208
25735,0.660546
25740,0.41562808
25759,0.40579453
25761,0.76344776
25769,0.35942143
25774,0.2329068
25779,0.6395758
25781,0.37124214
25784,0.9455938
25790,0.9828384
25796,0.35916933
25816,0.41636717
25847,0.31365487
25850,0.28968462
25852,0.7094835
25856,0.4308378
25866,0.3941296
25867,0.6535511
25868,0.3741438
25869,0.46518344
25877,0.5236602
25878,0.3110544
25890,0.43070585
25898,0.7891265
25899,0.35430604
25906,0.9765039
25907,0.70121145
25915,0.9765039
25932,0.63637215
25939,0.43663132
25946,0.63637215
25951,0.63637215
25959,0.36480343
25961,0.40274972
25964,0.3231791
25969,0.37857667
25980,0.32478675
25986,0.3122377
25992,0.39276305
25998,0.33884886
26000,0.41758284
26006,0.46372986
26009,0.36877605
26016,0.56750685
26023,0.99189186
26038,0.39311546
26041,0.2845161
26050,0.3960193
26051,0.9770995
26057,0.44937712
26060,0.25099078
26062,0.33913502
26067,0.98368937
26068,0.29716563
26072,0.35248902
26074,0.80656064
26075,0.4246562
26081,0.6743017
26108,0.70860285
26112,0.9894756
26113,0.24614885
26115,0.34591946
26122,0.35744148
26139,0.284651
26162,0.45568684
26165,0.41028875
26173,0.4254345
26177,0.45568684
26179,0.33921072
26184,0.42260042
26190,0.31946632
26204,0.35776857
26205,0.022916678
26212,0.74031013
26215,0.34136057
26227,0.8046537
26232,0.6791567
26237,0.43607557
26246,0.59317905
26248,0.6791567
26249,0.42763397
26260,0.34337133
26263,0.27549753
26267,0.9298778
26269,0.39326182
26271,0.7011314
26273,0.7352434
26286,0.34337133
26297,0.32867354
26309,0.42283142
26313,0.4397973
26319,0.42638507
26329,0.38623342
26330,0.68542725
26333,0.41382718
26361,0.8889404
26366,0.6949318
26376,0.9429404
26378,0.52933985
26382,0.35135794
26389,0.39274356
26391,0.6177617
26401,0.68162537
26415,0.2763837
26419,0.69622153
26421,0.98462045
26422,0.43554676
26423,0.68728
26424,0.6158752
26441,0.7338182
26442,0.34977758
26446,0.8885897
26447,0.4254779
26448,0.34997827
26451,0.4361455
26459,0.42126095
26465,0.26809168
26476,0.30988714
26481,0.36732137
26487,0.9901878
26501,0.37273744
26513,0.7079685
26517,0.3514269
26527,0.8340825
26534,0.7079685
26535,0.96734154
26545,0.3594763
26550,0.2871941
26558,0.2047867
26571,0.71359354
26573,0.31189436
26575,0.34640795
26578,0.31189436
26583,0.8471843
26590,0.3909272
26593,0.7292629
26602,0.25081304
26606,0.8211605
26613,0.68533474
26615,0.24229658
26618,0.3715398
26628,0.9703043
26630,0.7680523
26635,0.336842
26645,0.5744649
26648,0.26407647
26651,0.34217623
26660,0.2588694
26663,0.65475696
26664,0.62921584
26665,0.8006851
26673,0.72512794
26675,0.34515092
26676,0.44921497
26677,0.373923
26679,0.3466218
26687,0.4580688
26689,0.57677203
26697,0.44870248
26737,0.70611125
26747,0.98404354
26748,0.40075955
26749,0.2669475
26754,0.98404354
26759,0.41150078
26760,0.6915393
26765,0.37031573
26769,0.30220938
26771,0.3723565
26776,0.42428637
26778,0.4360482
26780,0.3356
26783,0.3931169
26785,0.31725043
26800,0.347298
26804,0.26802072
26812,0.35560635
26816,0.29771236
26823,0.719469
26834,0.31813625
26836,0.8056893
26841,0.77290887
26845,0.39216366
26849,0.39316928
26854,0.69966865
26858,0.38283122
26860,0.40665075
26866,0.37442648
26871,0.36855555
26873,0.29687276
26905,0.3187169
26907,0.25461817
26920,0.64567626
26924,0.23159245
26930,0.26987833
26942,0.5992899
26944,0.2995588
26949,0.81181556
26952,0.93348813
26956,0.39239448
26973,0.26695153
26977,0.33688095
26993,0.7268993
26997,0.27255946
26999,0.6338866
27021,0.36008915
27023,0.34367675
27025,0.016881628
27027,0.4040257
27032,0.6604969
27034,0.19873616
27036,0.5809986
27045,0.46011218
27050,0.26850927
27051,0.8689403
27055,0.35203612
27056,0.40194553
27060,0.33670276
27061,0.782207
27066,0.782207
27070,0.35536578
27073,0.4157098
27077,0.87710375
27085,0.3965246
27086,0.44916955
27099,0.36500242
27105,0.36500242
27109,0.38331604
27125,0.2689109
27135,0.26637527
27139,0.6757845
27140,0.9643916
27141,0.38124463
27142,0.37990463
27144,0.22974038
27148,0.39535496
27154,0.35481262
27162,0.7255384
27175,0.5721953
27176,0.41674623
27178,0.8491599
27197,0.3817156
27204,0.3568929
27205,0.3495202
27206,0.346144
27207,0.34767666
27216,0.34927696
27230,0.32806164
27234,0.17059645
27241,0.30941156
27249,0.98827446
27251,0.23209105
27252,0.81515986
27256,0.7409353
27257,0.55300957
27263,0.2550171
27268,0.37324214
27269,0.37375572
27276,0.37363958
27279,0.69478226
27288,0.7514958
27295,0.23209105
27299,0.28067338
27302,0.35499492
27304,0.35912997
27316,0.71530664
27318,0.24664524
27330,0.30979648
27333,0.65700936
27335,0.3439232
27339,0.2728994
27341,0.3545997
27342,0.28988764
27345,0.5411076
27347,0.5092727
27354,0.5094982
27361,0.21051688
27375,0.75266856
27387,0.63635
27390,0.63635
27392,0.9244064
27399,0.19865282
27403,0.28267178
27410,0.41307116
27423,0.26812506
27429,0.26956204
27432,0.34674695
27436,0.31026992
27437,0.66304207
27441,0.6449253
27444,0.64837426
27445,0.28043374
27448,0.70145434
27454,0.34091896
27459,0.26650852
27465,0.33506858
27478,0.9814465
27479,0.35180938
27481,0.6505675
27483,0.67117196
27486,0.27119255
27498,0.3113113
27505,0.34058192
27507,0.31804758
27509,0.2844044
27514,0.36540574
27527,0.7874088
27535,0.22814213
27544,0.29000118
27545,0.40830058
27556,0.28164178
27563,0.34253198
27569,0.34547228
27585,0.7361125
27589,0.3680537
27605,0.37295446
27608,0.8147757
27609,0.38867602
27611,0.23584339
27621,0.606338
27626,0.7936128
27629,0.36876234
27645,0.8147757
27651,0.3401126
27654,0.3240856
27656,0.811564
27663,0.811564
27673,0.26371852
27677,0.20857255
27678,0.319124
27680,0.32276776
27681,0.30652747
27684,0.3298357
27688,0.28715494
27706,0.34064263
27709,0.3328594
27720,0.2843832
27722,0.31017748
27733,0.7869631
27734,0.73379827
27739,0.36211637
27746,0.38771808
27751,0.82891184
27755,0.3657937
27777,0.5266207
27783,0.40865833
27795,0.33664924
27805,0.41102928
27811,0.3290159
27815,0.3000468
27823,0.37509882
27856,0.33578125
27873,0.40155095
27883,0.33059335
27885,0.83720565
27887,0.8979454
27899,0.36910734
27921,0.4147008
27924,0.39309928
27927,0.3790828
27929,0.41347325
27932,0.38125595
27943,0.4503022
27945,0.4503022
27952,0.39309928
27957,0.76066434
27960,0.43150353
27966,0.34995493
27968,0.83720565
27980,0.83720565
27984,0.29334858
27994,0.37306857
27995,0.37583098
28002,0.83720565
28004,0.7193969
28006,0.32854813
28028,0.73922193
28042,0.78936625
28043,0.35199022
28055,0.6654445
28061,0.35199022
28063,0.67619675
28077,0.39383727
28090,0.78936625
28093,0.42341396
28095,0.22956558
28096,0.7221223
28098,0.78879756
28099,0.33340168
28111,0.40058392
28115,0.36507848
28123,0.2927292
28125,0.41087845
28126,0.7656192
28129,0.7656192
28131,0.3844779
28139,0.37881276
28146,0.33394492
28153,0.8643161
28155,0.37486097
28160,0.6024057
28166,0.35150924
28167,0.8102732
28176,0.65553665
28185,0.39645728
28187,0.8024356
28195,0.8024356
28203,0.3609671
28206,0.36476687
28209,0.28844866
28210,0.3468797
28211,0.36756173
28216,0.4224448
28234,0.3889726
28235,0.8024356
28248,0.38549036
28255,0.31863332
28266,0.3556964
28277,0.3465016
28286,0.3252373
28288,0.3467341
28289,0.676657
28290,0.30673322
28296,0.33597484
28300,0.8527362
28306,0.21806104
28307,0.3513974
28309,0.3239189
28327,0.37603098
28336,0.36707574
28345,0.31392872
28355,0.3533069
28361,0.3409127
28362,0.38000172
28374,0.29210162
28380,0.79717374
28381,0.53299505
28393,0.30236167
28394,0.31283566
28405,0.39875102
28413,0.34637058
28426,0.79129183
28428,0.8735716
28429,0.79129183
28442,0.36336854
28445,0.29969323
28457,0.99374604
28459,0.91214687
28462,0.3571834
28478,0.28235003
28490,0.34576154
28492,0.3317832
28499,0.27588636
28500,0.54282016
28506,0.8170604
28509,0.39438105
28513,0.3514804
28516,0.40701482
28519,0.9937366
28526,0.2683179
28527,0.24401031
28528,0.8282937
28533,0.39551184
28547,0.37846348
28551,0.3400498
28563,0.2325797
28566,0.37446153
28568,0.41920888
28580,0.34157318
28589,0.30921292
28590,0.8170604
28606,0.3848725
28613,0.28654802
28615,0.22211654
28619,0.30845156
28629,0.60683644
28633,0.37973675
28635,0.79345846
28646,0.24522483
28648,0.69352835
28651,0.38524914
28660,0.79345846
28681,0.37764966
28693,0.64131236
28696,0.36554673
28703,0.37124822
28709,0.39619613
28712,0.740853
28718,0.32712993
28719,0.6445046
28727,0.2198559
28730,0.8651091
28732,0.7612852
28740,0.34608346
28747,0.37764966
28752,0.7612852
28757,0.351135
28764,0.3682831
28765,0.7793177
28770,0.68901026
28772,0.8862296
28783,0.40599802
28786,0.26493913
28796,0.32867116
28799,0.87446946
28806,0.6528897
28807,0.3121242
28815,0.34531328
28818,0.3136438
28823,0.38343275
28824,0.5010993
28831,0.9194725
28834,0.588854
28841,0.33644366
28848,0.7488609
28882,0.5175121
28884,0.3880603
28904,0.2507801
28907,0.26725477
28919,0.27840135
28920,0.69225633
28928,0.20382787
28935,0.039777327
28936,0.26199764
28945,0.33090872
28950,0.77918804
28957,0.6497856
28963,0.38649064
28974,0.37764966
28980,0.38649064
28988,0.5721799
28999,0.35122496
29001,0.6523844
29004,0.20612398
29006,0.36869916
29012,0.37098294
29018,0.37764966
29027,0.34858593
29030,0.27365834
29032,0.29858345
29039,0.3288176
29043,0.3145112
29056,0.77559876
29064,0.7715212
29068,0.26510522
29069,0.27393547
29074,0.23427905
29076,0.3634653
29085,0.2563542
29088,0.7587434
29091,0.319396
29092,0.72022605
29093,0.3233617
29094,0.5070183
29108,0.7587434
29114,0.24533276
29115,0.24225438
29118,0.18697946
29125,0.33442068
29127,0.7715212
29150,0.25037462
29152,0.24905051
29155,0.7067614
29165,0.24031103
29167,0.31856263
29174,0.31856263
29180,0.34204704
29185,0.31492373
29190,0.29427406
29192,0.99481094
29194,0.32701454
29220,0.33993283
29231,0.45421293
29237,0.5473753
29240,0.52216685
29247,0.3773882
29256,0.34912163
29275,0.4475674
29278,0.42868125
29280,0.79496115
29286,0.4246631
29288,0.6463973
29305,0.6326011
29327,0.4546115
29329,0.8664428
29333,0.39022532
29335,0.42018005
29342,0.9961361
29344,0.4142054
29353,0.40030578
29358,0.36226717
29373,0.38954976
29392,0.31683415
29393,0.6370531
29395,0.9845532
29403,0.77104896
29405,0.60985243
29410,0.35550344
29423,0.3304841
29427,0.69830954
29429,0.30645522
29432,0.2984948
29440,0.62593865
29447,0.2996305
29448,0.27346063
29452,0.61312145
29455,0.25239825
29461,0.24254435
29466,0.26269534
29474,0.24690087
29476,0.3046019
29486,0.5223563
29494,0.30261374
29497,0.5356784
29505,0.28182054
29511,0.7734112
29516,0.69383514
29522,0.28370366
29523,0.19589777
29524,0.18377106
29529,0.19063173
29533,0.40020907
29535,0.31348738
29548,0.23822014
29551,0.37753
29563,0.26959312
29574,0.31459752
29575,0.32544816
29592,0.3573967
29599,0.51227546
29608,0.23428005
29613,0.5190067
29620,0.4408191
29630,0.79018223
29637,0.25957403
29638,0.29763108
29643,0.3119228
29648,0.3418017
29657,0.37024322
29659,0.32815996
29662,0.39411536
29665,0.34234223
29699,0.83797956
29706,0.65627295
29715,0.4105469
29716,0.3449169
29717,0.3016291
29721,0.4199112
29731,0.33780715
29735,0.2540162
29739,0.5439608
29742,0.6157138
29747,0.9962541
29749,0.6452888
29754,0.9883648
29773,0.3394554
29777,0.54647946
29779,0.35003218
29783,0.28966704
29786,0.3642888
29805,0.71521235
29811,0.4206345
29812,0.51370746
29815,0.61623937
29819,0.28201357
29833,0.24238698
29847,0.33384624
29854,0.72953826
29856,0.36543489
29859,0.37835914
29864,0.36276662
29865,0.32106125
29867,0.29367092
29885,0.41887975
29894,0.44148198
29900,0.32405892
29910,0.5587984
29928,0.32064828
29942,0.30505478
29951,0.25832787
29953,0.36031917
29962,0.24229829
29968,0.32586884
29974,0.8358109
29980,0.75143886
29987,0.31909698
29993,0.6898108
30001,0.73210484
30005,0.6695664
30015,0.31417423
30034,0.18105356
30041,0.25346577
30044,0.37995896
30058,0.31355482
30061,0.2730167
30064,0.2730167
30065,0.36545345
30069,0.30759093
30074,0.3646484
30076,0.2577704
30080,0.3498087
30086,0.727332
30087,0.31664458
30092,0.25482613
30093,0.6354984
30096,0.28987893
30097,0.6354984
30098,0.26603645
30102,0.60381216
30106,0.38178194
30110,0.58695734
30111,0.94962525
30122,0.32883584
30128,0.42473775
30130,0.6139763
30131,0.32158843
30132,0.3498087
30135,0.42773357
30137,0.7409421
30157,0.6615875
30158,0.6871314
30162,0.2755843
30170,0.68258756
30174,0.31751755
30195,0.66637266
30196,0.44406933
30204,0.33723882
30207,0.76973635
30209,0.66637266
30212,0.41733038
30221,0.31461126
30225,0.66637266
30229,0.32809418
30231,0.4030574
30233,0.3609674
30237,0.4790222
30239,0.60057455
30242,0.45250285
30244,0.3710274
30249,0.37745747
30262,0.37230858
30286,0.33640197
30292,0.3316638
30303,0.3841588
30320,0.31008917
30322,0.39971876
30355,0.43307298
30356,0.32033506
30372,0.41668501
30375,0.31842324
30379,0.48424372
30384,0.44472823
30386,0.423585
30394,0.44165444
30395,0.2768582
30396,0.4181111
30397,0.4293299
30402,0.41497824
30413,0.28035504
30416,0.49345845
30420,0.27523142
30422,0.72295916
30432,0.43870008
30434,0.40965882
30438,0.43280342
30444,0.32959056
30446,0.44877082
30455,0.44800806
30457,0.42580944
30459,0.44453782
30463,0.49474663
30468,0.46163073
30477,0.4101704
30478,0.39778492
30481,0.41094762
30482,0.36922315
30487,0.36245108
30491,0.40535572
30496,0.7150481
30501,0.32963708
30506,0.27894253
30511,0.4307747
30513,0.45529544
30516,0.35932994
30520,0.3849622
30531,0.4278823
30542,0.73091483
30555,0.41811633
30557,0.398446
30568,0.44213536
30570,0.97612756
30584,0.42561716
30594,0.68222934
30614,0.32374695
30617,0.41766247
30618,0.69243515
30631,0.43578956
30632,0.3983904
30634,0.7013415
30636,0.2011452
30637,0.2011452
30639,0.3575182
30647,0.4101529
30649,0.28946528
30656,0.3709858
30660,0.34963366
30665,0.30107906
30669,0.38800588
30681,0.24965791
30683,0.6901183
30687,0.71756697
30694,0.24965791
